ItemCode,ItemCode_BuildMaster,UPC,Style,Size,Color,Brand_BuildMaster,Simplified_Brand,Vendor
H-150 P B,G H-150 P B,6.56E+11,H-150,Petite,Beige,GABRIALLA,HOSIERY (GAB+ITA),
H-150 M B,G H-150 M B,6.56E+11,H-150,Medium,Beige,GABRIALLA,HOSIERY (GAB+ITA),
H-150 T B,G H-150 T B,6.56E+11,H-150,Tall,Beige,GABRIALLA,HOSIERY (GAB+ITA),
H-150 XT B,G H-150 XT B,6.56E+11,H-150,X-Tall,Beige,GABRIALLA,HOSIERY (GAB+ITA),
H-150 Q B,G H-150 Q B,6.56E+11,H-150,Queen,Beige,GABRIALLA,HOSIERY (GAB+ITA),
H-150 Q+ B,G H-150 Q+ B,6.56E+11,H-150,Queen Plus,Beige,GABRIALLA,HOSIERY (GAB+ITA),
H-150 P ND,G H-150 P ND,6.56E+11,H-150,Petite,Nude,GABRIALLA,HOSIERY (GAB+ITA),
H-150 M ND,G H-150 M ND,6.56E+11,H-150,Medium,Nude,GABRIALLA,HOSIERY (GAB+ITA),
H-150 T ND,G H-150 T ND,6.56E+11,H-150,Tall,Nude,GABRIALLA,HOSIERY (GAB+ITA),
H-150 XT ND,G H-150 XT ND,6.56E+11,H-150,X-Tall,Nude,GABRIALLA,HOSIERY (GAB+ITA),
H-150 Q ND,G H-150 Q ND,6.56E+11,H-150,Queen,Nude,GABRIALLA,HOSIERY (GAB+ITA),
H-150 Q+ ND,G H-150 Q+ ND,6.56E+11,H-150,Queen Plus,Nude,GABRIALLA,HOSIERY (GAB+ITA),
H-150 P BL,G H-150 P BL,6.56E+11,H-150,Petite,Black,GABRIALLA,HOSIERY (GAB+ITA),
H-150 M BL,G H-150 M BL,6.56E+11,H-150,Medium,Black,GABRIALLA,HOSIERY (GAB+ITA),
H-150 T BL,G H-150 T BL,6.56E+11,H-150,Tall,Black,GABRIALLA,HOSIERY (GAB+ITA),
H-150 XT BL,G H-150 XT BL,6.56E+11,H-150,X-Tall,Black,GABRIALLA,HOSIERY (GAB+ITA),
H-150 Q BL,G H-150 Q BL,6.56E+11,H-150,Queen,Black,GABRIALLA,HOSIERY (GAB+ITA),
H-150 Q+ BL,G H-150 Q+ BL,6.56E+11,H-150,Queen Plus,Black,GABRIALLA,HOSIERY (GAB+ITA),
H-260 P B,G H-260 P B,6.56E+11,G H-260,Petite,Beige,GABRIALLA,GABRIALLA,
H-260 M B,G H-260 M B,6.56E+11,G H-260,Medium,Beige,GABRIALLA,GABRIALLA,
H-260 T B,G H-260 T B,6.56E+11,G H-260,Tall,Beige,GABRIALLA,GABRIALLA,
H-260 XT B,G H-260 XT B,6.56E+11,G H-260,X-Tall,Beige,GABRIALLA,GABRIALLA,
H-260 Q B,G H-260 Q B,6.56E+11,G H-260,Queen,Beige,GABRIALLA,GABRIALLA,
H-260 P ND,G H-260 P ND,6.56E+11,G H-260,Petite,Nude,GABRIALLA,GABRIALLA,
H-260 M ND,G H-260 M ND,6.56E+11,G H-260,Medium,Nude,GABRIALLA,GABRIALLA,
H-260 T ND,G H-260 T ND,6.56E+11,G H-260,Tall,Nude,GABRIALLA,GABRIALLA,
H-260 XT ND,G H-260 XT ND,6.56E+11,G H-260,X-Tall,Nude,GABRIALLA,GABRIALLA,
H-260 Q ND,G H-260 Q ND,6.56E+11,G H-260,Queen,Nude,GABRIALLA,GABRIALLA,
H-260 P BL,G H-260 P BL,6.56E+11,G H-260,Petite,Black,GABRIALLA,GABRIALLA,
H-260 M BL,G H-260 M BL,6.56E+11,G H-260,Medium,Black,GABRIALLA,GABRIALLA,
H-260 T BL,G H-260 T BL,6.56E+11,G H-260,Tall,Black,GABRIALLA,GABRIALLA,
H-260 XT BL,G H-260 XT BL,6.56E+11,G H-260,X-Tall,Black,GABRIALLA,GABRIALLA,
H-260 Q BL,G H-260 Q BL,6.56E+11,G H-260,Queen,Black,GABRIALLA,GABRIALLA,
H-40 S B,G H-40 S B,6.56E+11,H-40,Small,Beige,GABRIALLA,HOSIERY (GAB+ITA),
H-40 M B,G H-40 M B,6.56E+11,H-40,Medium,Beige,GABRIALLA,HOSIERY (GAB+ITA),
H-40 L B,G H-40 L B,6.56E+11,H-40,Large,Beige,GABRIALLA,HOSIERY (GAB+ITA),
H-40 XL B,G H-40 XL B,6.56E+11,H-40,X-Large,Beige,GABRIALLA,HOSIERY (GAB+ITA),
H-40 XXL B,G H-40 2XL B,6.56E+11,H-40,2X-Large,Beige,GABRIALLA,HOSIERY (GAB+ITA),
H-40 S ND,G H-40 S ND,6.56E+11,H-40,Small,Nude,GABRIALLA,HOSIERY (GAB+ITA),
H-40 M ND,G H-40 M ND,6.56E+11,H-40,Medium,Nude,GABRIALLA,HOSIERY (GAB+ITA),
H-40 L ND,G H-40 L ND,6.56E+11,H-40,Large,Nude,GABRIALLA,HOSIERY (GAB+ITA),
H-40 XL ND,G H-40 XL ND,6.56E+11,H-40,X-Large,Nude,GABRIALLA,HOSIERY (GAB+ITA),
H-40 XXL ND,G H-40 2XL ND,6.56E+11,H-40,2X-Large,Nude,GABRIALLA,HOSIERY (GAB+ITA),
H-40 S BL,G H-40 S BL,6.56E+11,H-40,Small,Black,GABRIALLA,HOSIERY (GAB+ITA),
H-40 M BL,G H-40 M BL,6.56E+11,H-40,Medium,Black,GABRIALLA,HOSIERY (GAB+ITA),
H-40 L BL,G H-40 L BL,6.56E+11,H-40,Large,Black,GABRIALLA,HOSIERY (GAB+ITA),
H-40 XL BL,G H-40 XL BL,6.56E+11,H-40,X-Large,Black,GABRIALLA,HOSIERY (GAB+ITA),
H-40 XXL BL,G H-40 2XL BL,6.56E+11,H-40,2X-Large,Black,GABRIALLA,HOSIERY (GAB+ITA),
H-160 S B,G H-160 S B,6.56E+11,H-160,Small,Beige,GABRIALLA,HOSIERY (GAB+ITA),
H-160 M B,G H-160 M B,6.56E+11,H-160,Medium,Beige,GABRIALLA,HOSIERY (GAB+ITA),
H-160 L B,G H-160 L B,6.56E+11,H-160,Large,Beige,GABRIALLA,HOSIERY (GAB+ITA),
H-160 XL B,G H-160 XL B,6.56E+11,H-160,X-Large,Beige,GABRIALLA,HOSIERY (GAB+ITA),
H-160 XXL B,G H-160 2XL B,6.56E+11,H-160,2X-Large,Beige,GABRIALLA,HOSIERY (GAB+ITA),
H-160 S ND,G H-160 S ND,6.56E+11,H-160,Small,Nude,GABRIALLA,HOSIERY (GAB+ITA),
H-160 M ND,G H-160 M ND,6.56E+11,H-160,Medium,Nude,GABRIALLA,HOSIERY (GAB+ITA),
H-160 L ND,G H-160 L ND,6.56E+11,H-160,Large,Nude,GABRIALLA,HOSIERY (GAB+ITA),
H-160 XL ND,G H-160 XL ND,6.56E+11,H-160,X-Large,Nude,GABRIALLA,HOSIERY (GAB+ITA),
H-160 XXL ND,G H-160 2XL ND,6.56E+11,H-160,2X-Large,Nude,GABRIALLA,HOSIERY (GAB+ITA),
H-160 S BL,G H-160 S BL,6.56E+11,H-160,Small,Black,GABRIALLA,HOSIERY (GAB+ITA),
H-160 M BL,G H-160 M BL,6.56E+11,H-160,Medium,Black,GABRIALLA,HOSIERY (GAB+ITA),
H-160 L BL,G H-160 L BL,6.56E+11,H-160,Large,Black,GABRIALLA,HOSIERY (GAB+ITA),
H-160 XL BL,G H-160 XL BL,6.56E+11,H-160,X-Large,Black,GABRIALLA,HOSIERY (GAB+ITA),
H-160 XXL BL,G H-160 2XL BL,6.56E+11,H-160,2X-Large,Black,GABRIALLA,HOSIERY (GAB+ITA),
H-330 P B,G H-330 P B,6.56E+11,H-330,Petite,Beige,GABRIALLA,HOSIERY (GAB+ITA),
H-330 M B,G H-330 M B,6.56E+11,H-330,Medium,Beige,GABRIALLA,HOSIERY (GAB+ITA),
H-330 T B,G H-330 T B,6.56E+11,H-330,Tall,Beige,GABRIALLA,HOSIERY (GAB+ITA),
H-330 XT B,G H-330 XT B,6.56E+11,H-330,X-Tall,Beige,GABRIALLA,HOSIERY (GAB+ITA),
H-330 Q B,G H-330 Q B,6.56E+11,H-330,Queen,Beige,GABRIALLA,HOSIERY (GAB+ITA),
H-330 Q+ B,G H-330 Q+ B,6.56E+11,H-330,Queen Plus,Beige,GABRIALLA,HOSIERY (GAB+ITA),
H-330 P ND,G H-330 P ND,6.56E+11,H-330,Petite,Nude,GABRIALLA,HOSIERY (GAB+ITA),
H-330 M ND,G H-330 M ND,6.56E+11,H-330,Medium,Nude,GABRIALLA,HOSIERY (GAB+ITA),
H-330 T ND,G H-330 T ND,6.56E+11,H-330,Tall,Nude,GABRIALLA,HOSIERY (GAB+ITA),
H-330 XT ND,G H-330 XT ND,6.56E+11,H-330,X-Tall,Nude,GABRIALLA,HOSIERY (GAB+ITA),
H-330 Q ND,G H-330 Q ND,6.56E+11,H-330,Queen,Nude,GABRIALLA,HOSIERY (GAB+ITA),
H-330 Q+ ND,G H-330 Q+ ND,6.56E+11,H-330,Queen Plus,Nude,GABRIALLA,HOSIERY (GAB+ITA),
H-330 P BL,G H-330 P BL,6.56E+11,H-330,Petite,Black,GABRIALLA,HOSIERY (GAB+ITA),
H-330 M BL,G H-330 M BL,6.56E+11,H-330,Medium,Black,GABRIALLA,HOSIERY (GAB+ITA),
H-330 T BL,G H-330 T BL,6.56E+11,H-330,Tall,Black,GABRIALLA,HOSIERY (GAB+ITA),
H-330 XT BL,G H-330 XT BL,6.56E+11,H-330,X-Tall,Black,GABRIALLA,HOSIERY (GAB+ITA),
H-330 Q BL,G H-330 Q BL,6.56E+11,H-330,Queen,Black,GABRIALLA,HOSIERY (GAB+ITA),
H-330 Q+ BL,G H-330 Q+ BL,6.56E+11,H-330,Queen Plus,Black,GABRIALLA,HOSIERY (GAB+ITA),
H-340 P B,G H-340  P B,6.56E+11,G H-340,Petite,Beige,GABRIALLA,GABRIALLA,
H-340 M B,G H-340 M B,6.56E+11,G H-340,Medium,Beige,GABRIALLA,GABRIALLA,
H-340 T B,G H-340 T B,6.56E+11,G H-340,Tall,Beige,GABRIALLA,GABRIALLA,
H-340 XT B,G H-340 XT B,6.56E+11,G H-340,X-Tall,Beige,GABRIALLA,GABRIALLA,
H-340 Q B,G H-340 Q B,6.56E+11,G H-340,Queen,Beige,GABRIALLA,GABRIALLA,
H-340 P ND,G H-340 P ND,6.56E+11,G H-340,Petite,Nude,GABRIALLA,GABRIALLA,
H-340 M ND,G H-340 M ND,6.56E+11,G H-340,Medium,Nude,GABRIALLA,GABRIALLA,
H-340 T ND,G H-340 T ND,6.56E+11,G H-340,Tall,Nude,GABRIALLA,GABRIALLA,
H-340 XT ND,G H-340 XT ND,6.56E+11,G H-340,X-Tall,Nude,GABRIALLA,GABRIALLA,
H-340 Q ND,G H-340 Q ND,6.56E+11,G H-340,Queen,Nude,GABRIALLA,GABRIALLA,
H-340 P BL,G H-340 P BL,6.56E+11,G H-340,Petite,Black,GABRIALLA,GABRIALLA,
H-340 M BL,G H-340 M BL,6.56E+11,G H-340,Medium,Black,GABRIALLA,GABRIALLA,
H-340 T BL,G H-340 T BL,6.56E+11,G H-340,Tall,Black,GABRIALLA,GABRIALLA,
H-340 XT BL,G H-340 XT BL,6.56E+11,G H-340,X-Tall,Black,GABRIALLA,GABRIALLA,
H-340 Q BL,G H-340 Q BL,6.56E+11,G H-340,Queen,Black,GABRIALLA,GABRIALLA,
H-80 S B,G H-80 S B,6.56E+11,H-80,Small,Beige,GABRIALLA,HOSIERY (GAB+ITA),
H-80 M B,G H-80 M B,6.56E+11,H-80,Medium,Beige,GABRIALLA,HOSIERY (GAB+ITA),
H-80 L B,G H-80 L B,6.56E+11,H-80,Large,Beige,GABRIALLA,HOSIERY (GAB+ITA),
H-80 XL B,G H-80 XL B,6.56E+11,H-80,X-Large,Beige,GABRIALLA,HOSIERY (GAB+ITA),
H-80 XXL B,G H-80 2XL B,6.56E+11,H-80,2X-Large,Beige,GABRIALLA,HOSIERY (GAB+ITA),
H-80 S ND,G H-80 S ND,6.56E+11,H-80,Small,Nude,GABRIALLA,HOSIERY (GAB+ITA),
H-80 M ND,G H-80 M ND,6.56E+11,H-80,Medium,Nude,GABRIALLA,HOSIERY (GAB+ITA),
H-80 L ND,G H-80 L ND,6.56E+11,H-80,Large,Nude,GABRIALLA,HOSIERY (GAB+ITA),
H-80 XL ND,G H-80 XL ND,6.56E+11,H-80,X-Large,Nude,GABRIALLA,HOSIERY (GAB+ITA),
H-80 XXL ND,G H-80 2XL ND,6.56E+11,H-80,2X-Large,Nude,GABRIALLA,HOSIERY (GAB+ITA),
H-80 S BL,G H-80 S BL,6.56E+11,H-80,Small,Black,GABRIALLA,HOSIERY (GAB+ITA),
H-80 M BL,G H-80 M BL,6.56E+11,H-80,Medium,Black,GABRIALLA,HOSIERY (GAB+ITA),
H-80 L BL,G H-80 L BL,6.56E+11,H-80,Large,Black,GABRIALLA,HOSIERY (GAB+ITA),
H-80 XL BL,G H-80 XL BL,6.56E+11,H-80,X-Large,Black,GABRIALLA,HOSIERY (GAB+ITA),
H-80 XXL BL,G H-80 2XL BL,6.56E+11,H-80,2X-Large,Black,GABRIALLA,HOSIERY (GAB+ITA),
H-180 S B,G H-180 S B,6.56E+11,H-180,Small,Beige,GABRIALLA,HOSIERY (GAB+ITA),
H-180 M B,G H-180 M B,6.56E+11,H-180,Medium,Beige,GABRIALLA,HOSIERY (GAB+ITA),
H-180 L B,G H-180 L B,6.56E+11,H-180,Large,Beige,GABRIALLA,HOSIERY (GAB+ITA),
H-180 XL B,G H-180 XL B,6.56E+11,H-180,X-Large,Beige,GABRIALLA,HOSIERY (GAB+ITA),
H-180 XXL B,G H-180 2XL B,6.56E+11,H-180,2X-Large,Beige,GABRIALLA,HOSIERY (GAB+ITA),
H-180 S ND,G H-180 S ND,6.56E+11,H-180,Small,Nude,GABRIALLA,HOSIERY (GAB+ITA),
H-180 M ND,G H-180 M ND,6.56E+11,H-180,Medium,Nude,GABRIALLA,HOSIERY (GAB+ITA),
H-180 L ND,G H-180 L ND,6.56E+11,H-180,Large,Nude,GABRIALLA,HOSIERY (GAB+ITA),
H-180 XL ND,G H-180 XL ND,6.56E+11,H-180,X-Large,Nude,GABRIALLA,HOSIERY (GAB+ITA),
H-180 XXL ND,G H-180 2XL ND,6.56E+11,H-180,2X-Large,Nude,GABRIALLA,HOSIERY (GAB+ITA),
H-180 S BL,G H-180 S BL,6.56E+11,H-180,Small,Black,GABRIALLA,HOSIERY (GAB+ITA),
H-180 M BL,G H-180 M BL,6.56E+11,H-180,Medium,Black,GABRIALLA,HOSIERY (GAB+ITA),
H-180 L BL,G H-180 L BL,6.56E+11,H-180,Large,Black,GABRIALLA,HOSIERY (GAB+ITA),
H-180 XL BL,G H-180 XL BL,6.56E+11,H-180,X-Large,Black,GABRIALLA,HOSIERY (GAB+ITA),
H-180 XXL BL,G H-180 2XL BL,6.56E+11,H-180,2X-Large,Black,GABRIALLA,HOSIERY (GAB+ITA),
H-304 S B,G H-304 S B,6.56E+11,H-304,Small,Beige,GABRIALLA,HOSIERY (GAB+ITA),
H-304 M B,G H-304 M B,6.56E+11,H-304,Medium,Beige,GABRIALLA,HOSIERY (GAB+ITA),
H-304 L B,G H-304 L B,6.56E+11,H-304,Large,Beige,GABRIALLA,HOSIERY (GAB+ITA),
H-304 XL B,G H-304 XL B,6.56E+11,H-304,X-Large,Beige,GABRIALLA,HOSIERY (GAB+ITA),
H-304 XXL B,G H-304 2XL B,6.56E+11,H-304,2X-Large,Beige,GABRIALLA,HOSIERY (GAB+ITA),
H-304 S BL,G H-304 S BL,6.56E+11,H-304,Small,Black,GABRIALLA,HOSIERY (GAB+ITA),
H-304 M BL,G H-304 M BL,6.56E+11,H-304,Medium,Black,GABRIALLA,HOSIERY (GAB+ITA),
H-304 L BL,G H-304 L BL,6.56E+11,H-304,Large,Black,GABRIALLA,HOSIERY (GAB+ITA),
H-304 XL BL,G H-304 XL BL,6.56E+11,H-304,X-Large,Black,GABRIALLA,HOSIERY (GAB+ITA),
H-304 XXL BL,G H-304 2XL BL,6.56E+11,H-304,2X-Large,Black,GABRIALLA,HOSIERY (GAB+ITA),
H-304(O) S B,G H-304(O) S B,6.56E+11,H-304(O),Small,Beige,GABRIALLA,HOSIERY (GAB+ITA),
H-304(O) M B,G H-304(O) M B,6.56E+11,H-304(O),Medium,Beige,GABRIALLA,HOSIERY (GAB+ITA),
H-304(O) L B,G H-304(O) L B,6.56E+11,H-304(O),Large,Beige,GABRIALLA,HOSIERY (GAB+ITA),
H-304(O) XL B,G H-304(O) XL B,6.56E+11,H-304(O),X-Large,Beige,GABRIALLA,HOSIERY (GAB+ITA),
H-304(O) XXL B,G H-304(O) 2XL B,6.56E+11,H-304(O),2X-Large,Beige,GABRIALLA,HOSIERY (GAB+ITA),
H-304(O) S BL,G H-304(O) S BL,6.56E+11,H-304(O),Small,Black,GABRIALLA,HOSIERY (GAB+ITA),
H-304(O) M BL,G H-304(O) M BL,6.56E+11,H-304(O),Medium,Black,GABRIALLA,HOSIERY (GAB+ITA),
H-304(O) L BL,G H-304(O) L BL,6.56E+11,H-304(O),Large,Black,GABRIALLA,HOSIERY (GAB+ITA),
H-304(O) XL BL,G H-304(O) XL BL,6.56E+11,H-304(O),X-Large,Black,GABRIALLA,HOSIERY (GAB+ITA),
H-304(O) XXL BL,G H-304(O) 2XL BL,6.56E+11,H-304(O),2X-Large,Black,GABRIALLA,HOSIERY (GAB+ITA),
H-306 S B,G H-306 S B,6.56E+11,H-306,Small,Beige,GABRIALLA,HOSIERY (GAB+ITA),
H-306 M B,G H-306 M B,6.56E+11,H-306,Medium,Beige,GABRIALLA,HOSIERY (GAB+ITA),
H-306 L B,G H-306 L B,6.56E+11,H-306,Large,Beige,GABRIALLA,HOSIERY (GAB+ITA),
H-306 XL B,G H-306 XL B,6.56E+11,H-306,X-Large,Beige,GABRIALLA,HOSIERY (GAB+ITA),
H-306 XXL B,G H-306 2XL B,6.56E+11,H-306,2X-Large,Beige,GABRIALLA,HOSIERY (GAB+ITA),
H-306 S BL,G H-306 S BL,6.56E+11,H-306,Small,Black,GABRIALLA,HOSIERY (GAB+ITA),
H-306 M BL,G H-306 M BL,6.56E+11,H-306,Medium,Black,GABRIALLA,HOSIERY (GAB+ITA),
H-306 L BL,G H-306 L BL,6.56E+11,H-306,Large,Black,GABRIALLA,HOSIERY (GAB+ITA),
H-306 XL BL,G H-306 XL BL,6.56E+11,H-306,X-Large,Black,GABRIALLA,HOSIERY (GAB+ITA),
H-306 XXL BL,G H-306 2XL BL,6.56E+11,H-306,2X-Large,Black,GABRIALLA,HOSIERY (GAB+ITA),
H-306(O) S B,G H-306(O) S B,6.56E+11,H-306(O),Small,Beige,GABRIALLA,HOSIERY (GAB+ITA),
H-306(O) M B,G H-306(O) M B,6.56E+11,H-306(O),Medium,Beige,GABRIALLA,HOSIERY (GAB+ITA),
H-306(O) L B,G H-306(O) L B,6.56E+11,H-306(O),Large,Beige,GABRIALLA,HOSIERY (GAB+ITA),
H-306(O) XL B,G H-306(O) XL B,6.56E+11,H-306(O),X-Large,Beige,GABRIALLA,HOSIERY (GAB+ITA),
H-306(O) XXL B,G H-306(O) 2XL B,6.56E+11,H-306(O),2X-Large,Beige,GABRIALLA,HOSIERY (GAB+ITA),
H-306(O) S BL,G H-306(O) S BL,6.56E+11,H-306(O),Small,Black,GABRIALLA,HOSIERY (GAB+ITA),
H-306(O) M BL,G H-306(O) M BL,6.56E+11,H-306(O),Medium,Black,GABRIALLA,HOSIERY (GAB+ITA),
H-306(O) L BL,G H-306(O) L BL,6.56E+11,H-306(O),Large,Black,GABRIALLA,HOSIERY (GAB+ITA),
H-306(O) XL BL,G H-306(O) XL BL,6.56E+11,H-306(O),X-Large,Black,GABRIALLA,HOSIERY (GAB+ITA),
H-306(O) XXL BL,G H-306(O) 2XL BL,6.56E+11,H-306(O),2X-Large,Black,GABRIALLA,HOSIERY (GAB+ITA),
E-PNG-971 XS,G PNG-971 XS,6.56E+11,G PNG-971,X-Small,White,GABRIALLA,GABRIALLA,
E-PNG-971 S,G PNG-971 S,6.56E+11,G PNG-971,Small,White,GABRIALLA,GABRIALLA,
E-PNG-971 M,G PNG-971 M,6.56E+11,G PNG-971,Medium,White,GABRIALLA,GABRIALLA,
E-PNG-971 L,G PNG-971 L,6.56E+11,G PNG-971,Large,White,GABRIALLA,GABRIALLA,
E-PNG-971 XL,G PNG-971 XL,6.56E+11,G PNG-971,X-Large,White,GABRIALLA,GABRIALLA,
E-PNG-971 2X,G PNG-971 2XL,6.56E+11,G PNG-971,2X-Large,White,GABRIALLA,GABRIALLA,
S-MS-14 W S,G MS-14 S W,6.56E+11,G MS-14,Small,White,GABRIALLA,GABRIALLA,"ITA, Lena"
S-MS-14 W M,G MS-14 M W,6.56E+11,G MS-14,Medium,White,GABRIALLA,GABRIALLA,"ITA, Lena"
S-MS-14 W L,G MS-14 L W ,6.56E+11,G MS-14,Large,White,GABRIALLA,GABRIALLA,"ITA, Lena"
S-MS-14 W XL,G MS-14 XL W,6.56E+11,G MS-14,X-Large,White,GABRIALLA,GABRIALLA,"ITA, Lena"
S-MS-14 W 2XL,G MS-14 2XL W,6.56E+11,G MS-14,2X-Large,White,GABRIALLA,GABRIALLA,"ITA, Lena"
S-MS-14 B S,G MS-14 S B,6.56E+11,G MS-14,Small,Beige,GABRIALLA,GABRIALLA,"ITA, Lena"
S-MS-14 B M,G MS-14 M B,6.56E+11,G MS-14,Medium,Beige,GABRIALLA,GABRIALLA,"ITA, Lena"
S-MS-14 B L,G MS-14 L B,6.56E+11,G MS-14,Large,Beige,GABRIALLA,GABRIALLA,"ITA, Lena"
S-MS-14 B XL,G MS-14 XL B,6.56E+11,G MS-14,X-Large,Beige,GABRIALLA,GABRIALLA,"ITA, Lena"
S-MS-14 B 2XL,G MS-14 2XL B,6.56E+11,G MS-14,2X-Large,Beige,GABRIALLA,GABRIALLA,"ITA, Lena"
S-MS-14 BL S,G MS-14 S BL,6.56E+11,G MS-14,Small,Black,GABRIALLA,GABRIALLA,"ITA, Lena"
S-MS-14 BL M,G MS-14 M BL,6.56E+11,G MS-14,Medium,Black,GABRIALLA,GABRIALLA,"ITA, Lena"
S-MS-14 BL L,G MS-14 L BL,6.56E+11,G MS-14,Large,Black,GABRIALLA,GABRIALLA,"ITA, Lena"
S-MS-14 BL XL,G MS-14 XL BL,6.56E+11,G MS-14,X-Large,Black,GABRIALLA,GABRIALLA,"ITA, Lena"
S-MS-14 BL 2XL,G MS-14 2XL BL,6.56E+11,G MS-14,2X-Large,Black,GABRIALLA,GABRIALLA,"ITA, Lena"
S-MS-96 W S,G MS-96 S W,6.56E+11,G MS-96,Small,White,GABRIALLA,GABRIALLA,"ITA, Lena"
S-MS-96 W M,G MS-96 M W,6.56E+11,G MS-96,Medium,White,GABRIALLA,GABRIALLA,"ITA, Lena"
S-MS-96 W L,G MS-96 L W,6.56E+11,G MS-96,Large,White,GABRIALLA,GABRIALLA,"ITA, Lena"
S-MS-96 W XL,G MS-96 XL W,6.56E+11,G MS-96,X-Large,White,GABRIALLA,GABRIALLA,"ITA, Lena"
S-MS-96 W XXL,G MS-96 2XL W,6.56E+11,G MS-96,2X-Large,White,GABRIALLA,GABRIALLA,"ITA, Lena"
S-MS-96 B S,G MS-96 S B,6.56E+11,G MS-96,Small,Beige,GABRIALLA,GABRIALLA,"ITA, Lena"
S-MS-96 B M,G MS-96 M B,6.56E+11,G MS-96,Medium,Beige,GABRIALLA,GABRIALLA,"ITA, Lena"
S-MS-96 B L,G MS-96 L B,6.56E+11,G MS-96,Large,Beige,GABRIALLA,GABRIALLA,"ITA, Lena"
S-MS-96 B XL,G MS-96 XL B,6.56E+11,G MS-96,X-Large,Beige,GABRIALLA,GABRIALLA,"ITA, Lena"
S-MS-96 B XXL,G MS-96 2XL B,6.56E+11,G MS-96,2X-Large,Beige,GABRIALLA,GABRIALLA,"ITA, Lena"
S-MS-96 BL S,G MS-96 S BL,6.56E+11,G MS-96,Small,Black,GABRIALLA,GABRIALLA,"ITA, Lena"
S-MS-96 BL M,G MS-96 M BL,6.56E+11,G MS-96,Medium,Black,GABRIALLA,GABRIALLA,"ITA, Lena"
S-MS-96 BL L,G MS-96 L BL,6.56E+11,G MS-96,Large,Black,GABRIALLA,GABRIALLA,"ITA, Lena"
S-MS-96 BL XL,G MS-96 XL BL,6.56E+11,G MS-96,X-Large,Black,GABRIALLA,GABRIALLA,"ITA, Lena"
S-MS-96 BL XXL,G MS-96 2XL BL,6.56E+11,G MS-96,2X-Large,Black,GABRIALLA,GABRIALLA,"ITA, Lena"
S-MS-96(I) W S,G MS-96(i) S W,6.56E+11,G MS-96(i),Small,White,GABRIALLA,GABRIALLA,"ITA, Lena"
S-MS-96(I) W M,G MS-96(i) M W,6.56E+11,G MS-96(i),Medium,White,GABRIALLA,GABRIALLA,"ITA, Lena"
S-MS-96(I) W L,G MS-96(i) L W,6.56E+11,G MS-96(i),Large,White,GABRIALLA,GABRIALLA,"ITA, Lena"
S-MS-96(I) W XL,G MS-96(i) XL W,6.56E+11,G MS-96(i),X-Large,White,GABRIALLA,GABRIALLA,"ITA, Lena"
S-MS-96(I) W 2X,G MS-96(i) 2XL W,6.56E+11,G MS-96(i),2X-Large,White,GABRIALLA,GABRIALLA,"ITA, Lena"
S-MS-96(I) BL S,G MS-96(i) S BL,6.56E+11,G MS-96(i),Small,Black,GABRIALLA,GABRIALLA,"ITA, Lena"
S-MS-96(I) BL M,G MS-96(i) M BL,6.56E+11,G MS-96(i),Medium,Black,GABRIALLA,GABRIALLA,"ITA, Lena"
S-MS-96(I) BL L,G MS-96(i) L BL,6.56E+11,G MS-96(i),Large,Black,GABRIALLA,GABRIALLA,"ITA, Lena"
S-MS-96(I) BL X,G MS-96(i) XL BL,6.56E+11,G MS-96(i),X-Large,Black,GABRIALLA,GABRIALLA,"ITA, Lena"
S-MS-96(I)BL 2X,G MS-96(i) 2XL BL,6.56E+11,G MS-96(i),2X-Large,Black,GABRIALLA,GABRIALLA,"ITA, Lena"
S-MS-99 S,G MS-99 S W,6.56E+11,G MS-99,Small,White,GABRIALLA,GABRIALLA,"ITA, Lena"
S-MS-99 M,G MS-99 M W,6.56E+11,G MS-99,Medium,White,GABRIALLA,GABRIALLA,"ITA, Lena"
S-MS-99 L,G MS-99 L W,6.56E+11,G MS-99,Large,White,GABRIALLA,GABRIALLA,"ITA, Lena"
S-MS-99 XL,G MS-99 XL W,6.56E+11,G MS-99,X-Large,White,GABRIALLA,GABRIALLA,"ITA, Lena"
S-MS-99 2XL,G MS-99 2XL W,6.56E+11,G MS-99,2X-Large,White,GABRIALLA,GABRIALLA,"ITA, Lena"
S-MS-99 BL S,G MS-99 S BL,6.56E+11,G MS-99,Small,Black,GABRIALLA,GABRIALLA,"ITA, Lena"
S-MS-99 BL M,G MS-99 M BL,6.56E+11,G MS-99,Medium,Black,GABRIALLA,GABRIALLA,"ITA, Lena"
S-MS-99 BL L,G MS-99 L BL,6.56E+11,G MS-99,Large,Black,GABRIALLA,GABRIALLA,"ITA, Lena"
S-MS-99 BL XL,G MS-99 XL BL,6.56E+11,G MS-99,X-Large,Black,GABRIALLA,GABRIALLA,"ITA, Lena"
S-MS-99 BL 2XL,G MS-99 2XL BL,6.56E+11,G MS-99,2X-Large,Black,GABRIALLA,GABRIALLA,"ITA, Lena"
E-PPG-972 XS,G PPG-972 XS,6.56E+11,G PPG-972,X-Small,White,GABRIALLA,GABRIALLA,
E-PPG-972 S,G PPG-972 S,6.56E+11,G PPG-972,Small,White,GABRIALLA,GABRIALLA,
E-PPG-972 M,G PPG-972 M,6.56E+11,G PPG-972,Medium,White,GABRIALLA,GABRIALLA,
E-PPG-972 L,G PPG-972 L,6.56E+11,G PPG-972,Large,White,GABRIALLA,GABRIALLA,
E-PPG-972 XL,G PPG-972 XL ,6.56E+11,G PPG-972,X-Large,White,GABRIALLA,GABRIALLA,
E-PPG-972 2X,G PPG-972 2XL,6.56E+11,G PPG-972,2X-Large,White,GABRIALLA,GABRIALLA,
E-PPG-972 3X,G PPG-972 3XL,6.56E+11,G PPG-972,3X-Large,White,GABRIALLA,GABRIALLA,
S-AB208(I)GBL S,G AB-208(W) S BL,6.56E+11,G AB-208(W),Small,Black,GABRIALLA,GABRIALLA,"ITA, Lena"
S-AB208(I)GBL M,G AB-208(W) M BL,6.56E+11,G AB-208(W),Medium,Black,GABRIALLA,GABRIALLA,"ITA, Lena"
S-AB208(I)GBL L,G AB-208(W) L BL,6.56E+11,G AB-208(W),Large,Black,GABRIALLA,GABRIALLA,"ITA, Lena"
S-AB208(I)GBL X,G AB-208(W) XL BL,6.56E+11,G AB-208(W),X-Large,Black,GABRIALLA,GABRIALLA,"ITA, Lena"
S-AB208(I)GBL2X,G AB-208(W) 2XL BL,6.56E+11,G AB-208(W),2X-Large,Black,GABRIALLA,GABRIALLA,"ITA, Lena"
S-AB208(I)GW S,G AB-208(W) S W,6.56E+11,G AB-208(W),Small,White,GABRIALLA,GABRIALLA,"ITA, Lena"
S-AB208(I)GW M,G AB-208(W) M W,6.56E+11,G AB-208(W),Medium,White,GABRIALLA,GABRIALLA,"ITA, Lena"
S-AB208(I)GW L,G AB-208(W) L W,6.56E+11,G AB-208(W),Large,White,GABRIALLA,GABRIALLA,"ITA, Lena"
S-AB208(I)GW XL,G AB-208(W) XL W,6.56E+11,G AB-208(W),X-Large,White,GABRIALLA,GABRIALLA,"ITA, Lena"
S-AB208(I)GW 2X,G AB-208(W) 2XL W,6.56E+11,G AB-208(W),2X-Large,White,GABRIALLA,GABRIALLA,"ITA, Lena"
S-AB-309RG(G) S,G AB-309 S,6.56E+11,G AB-309,Small,White,GABRIALLA,GABRIALLA,"ITA, Lena"
S-AB-309RG(G) M,G AB-309 M,6.56E+11,G AB-309,Medium,White,GABRIALLA,GABRIALLA,"ITA, Lena"
S-AB-309RG(G) L,G AB-309 L,6.56E+11,G AB-309,Large,White,GABRIALLA,GABRIALLA,"ITA, Lena"
S-AB-309RG(G)XL,G AB-309  XL,6.56E+11,G AB-309,X-Large,White,GABRIALLA,GABRIALLA,"ITA, Lena"
S-AB-309RG(G)2X,G AB-309 2XL,6.56E+11,G AB-309,2X-Large,White,GABRIALLA,GABRIALLA,"ITA, Lena"
S-AB309(I)GW S,G AB-309(W) S W,6.56E+11,G AB-309(W),Small,White,GABRIALLA,GABRIALLA,"ITA, Lena"
S-AB309(I)GW M,G AB-309(W) M W,6.56E+11,G AB-309(W),Medium,White,GABRIALLA,GABRIALLA,"ITA, Lena"
S-AB309(I)GW L,G AB-309(W) L W,6.56E+11,G AB-309(W),Large,White,GABRIALLA,GABRIALLA,"ITA, Lena"
S-AB309(I)GW XL,G AB-309(W) XL W,6.56E+11,G AB-309(W),X-Large,White,GABRIALLA,GABRIALLA,"ITA, Lena"
S-AB309(I)GW 2X,G AB-309(W) 2XL W,6.56E+11,G AB-309(W),2X-Large,White,GABRIALLA,GABRIALLA,"ITA, Lena"
S-AB309(I)GWB S,G AB-309(W) S B,6.56E+11,G AB-309(W),Small,Beige,GABRIALLA,GABRIALLA,"ITA, Lena"
S-AB309(I)GWB M,G AB-309(W) M B,6.56E+11,G AB-309(W),Medium,Beige,GABRIALLA,GABRIALLA,"ITA, Lena"
S-AB309(I)GWB L,G AB-309(W) L B,6.56E+11,G AB-309(W),Large,Beige,GABRIALLA,GABRIALLA,"ITA, Lena"
S-AB309(I)GWB X,G AB-309(W) XL B,6.56E+11,G AB-309(W),X-Large,Beige,GABRIALLA,GABRIALLA,"ITA, Lena"
S-AB309(I)GWB2X,G AB-309(W) 2XL B,6.56E+11,G AB-309(W),2X-Large,Beige,GABRIALLA,GABRIALLA,"ITA, Lena"
SAB309(I)GWBL S,G AB-309(W) S BL,6.56E+11,G AB-309(W),Small,Black,GABRIALLA,GABRIALLA,"ITA, Lena"
SAB309(I)GWBL M,G AB-309(W) M BL,6.56E+11,G AB-309(W),Medium,Black,GABRIALLA,GABRIALLA,"ITA, Lena"
SAB309(I)GWBL L,G AB-309(W) L BL,6.56E+11,G AB-309(W),Large,Black,GABRIALLA,GABRIALLA,"ITA, Lena"
SAB309(I)GWBL X,G AB-309(W) XL BL,6.56E+11,G AB-309(W),X-Large,Black,GABRIALLA,GABRIALLA,"ITA, Lena"
SAB309(I)GWBL2X,G AB-309(W) 2XL BL,6.56E+11,G AB-309(W),2X-Large,Black,GABRIALLA,GABRIALLA,"ITA, Lena"
E-ASG-973 SND,G ASG-973 S,6.56E+11,G ASG-973,Small,Nude,GABRIALLA,GABRIALLA,
E-ASG-973 MND,G ASG-973 M,6.56E+11,G ASG-973,Medium,Nude,GABRIALLA,GABRIALLA,
E-ASG-973 LND,G ASG-973 L,6.56E+11,G ASG-973,Large,Nude,GABRIALLA,GABRIALLA,
E-ASG-973 XLND,G ASG-973 XL,6.56E+11,G ASG-973,X-Large,Nude,GABRIALLA,GABRIALLA,
E-ASG-973 2XND,G ASG-973 2XL,6.56E+11,G ASG-973,2X-Large,Nude,GABRIALLA,GABRIALLA,
E-ASG-973 3XND,G ASG-973 3XL,6.56E+11,G ASG-973,3X-Large,Nude,GABRIALLA,GABRIALLA,
E-ASG-973 4XND,G ASG-973 4XL,6.56E+11,G ASG-973,4X-Large,Nude,GABRIALLA,GABRIALLA,
E-ASG-974 XS,G ASG-974 XS,6.56E+11,G ASG-974,X-Small,Champagne,GABRIALLA,GABRIALLA,
E-ASG-974 S,G ASG-974 S,6.56E+11,G ASG-974,Small,Champagne,GABRIALLA,GABRIALLA,
E-ASG-974 M,G ASG-974 M,6.56E+11,G ASG-974,Medium,Champagne,GABRIALLA,GABRIALLA,
E-ASG-974 L,G ASG-974 L,6.56E+11,G ASG-974,Large,Champagne,GABRIALLA,GABRIALLA,
E-ASG-974 XL,G ASG-974 XL,6.56E+11,G ASG-974,X-Large,Champagne,GABRIALLA,GABRIALLA,
E-ASG-974 2X,G ASG-974 2XL,6.56E+11,G ASG-974,2X-Large,Champagne,GABRIALLA,GABRIALLA,
E-ASG-974 3X,G ASG-974 3XL,6.56E+11,G ASG-974,3X-Large,Champagne,GABRIALLA,GABRIALLA,
E-ASG-974 4X,G ASG-974 4XL,6.56E+11,G ASG-974,4X-Large,Champagne,GABRIALLA,GABRIALLA,
S-TGR-201(S) S,G TGR-201 S,6.56E+11,G TGR-201,Small,White,GABRIALLA,GABRIALLA,
S-TGR-201(S) M,G TGR-201 M,6.56E+11,G TGR-201,Medium,White,GABRIALLA,GABRIALLA,
S-TGR-201(S) L,G TGR-201 L,6.56E+11,G TGR-201,Large,White,GABRIALLA,GABRIALLA,
S-TGR-201(S) XL,G TGR-201 XL,6.56E+11,G TGR-201,X-Large,White,GABRIALLA,GABRIALLA,
S-TGR-201(S) 2X,G TGR-201 2XL,6.56E+11,G TGR-201,2X-Large,White,GABRIALLA,GABRIALLA,
S-AGS-501(S) S,G AGS-501 S,6.56E+11,G AGS-501,Small,White,GABRIALLA,GABRIALLA,
S-AGS-501(S) M,G AGS-501 M,6.56E+11,G AGS-501,Medium,White,GABRIALLA,GABRIALLA,
S-AGS-501(S) L,G AGS-501 L,6.56E+11,G AGS-501,Large,White,GABRIALLA,GABRIALLA,
S-AGS-501(S) XL,G AGS-501 XL,6.56E+11,G AGS-501,X-Large,White,GABRIALLA,GABRIALLA,
S-AGS-501(S) 2X,G AGS-501 2XL,6.56E+11,G AGS-501,2X-Large,White,GABRIALLA,GABRIALLA,
S-TLSO250G(W) S,G TLSO-250(W) S,6.56E+11,G TLSO-250(W),Small,White,GABRIALLA,GABRIALLA,"ITA, Lena"
S-TLSO250G(W) M,G TLSO-250(W) M,6.56E+11,G TLSO-250(W),Medium,White,GABRIALLA,GABRIALLA,"ITA, Lena"
S-TLSO250G(W) L,G TLSO-250(W) L,6.56E+11,G TLSO-250(W),Large,White,GABRIALLA,GABRIALLA,"ITA, Lena"
S-TLSO250G(W)XL,G TLSO-250(W) XL,6.56E+11,G TLSO-250(W),X-Large,White,GABRIALLA,GABRIALLA,"ITA, Lena"
S-TLSO250G(W)2X,G TLSO-250(W) 2XL,6.56E+11,G TLSO-250(W),2X-Large,White,GABRIALLA,GABRIALLA,"ITA, Lena"
E-PLG-820 XS,G PLG-820 XS,6.56E+11,G PLG-820,X-Small,White,GABRIALLA,GABRIALLA,
E-PLG-820 S,G PLG-820 S,6.56E+11,G PLG-820,Small,White,GABRIALLA,GABRIALLA,
E-PLG-820 M,G PLG-820 M,6.56E+11,G PLG-820,Medium,White,GABRIALLA,GABRIALLA,
E-PLG-820 L,G PLG-820 L,6.56E+11,G PLG-820,Large,White,GABRIALLA,GABRIALLA,
E-PLG-820 XL,G PLG-820 XL,6.56E+11,G PLG-820,X-Large,White,GABRIALLA,GABRIALLA,
E-PLG-820 2X,G PLG-820 2XL,6.56E+11,G PLG-820,2X-Large,White,GABRIALLA,GABRIALLA,
E-PLG-820 3X,G PLG-820 3XL,6.56E+11,G PLG-820,3X-Large,White,GABRIALLA,GABRIALLA,
E-PMS-805 M,G PMS-805 M B,6.56E+11,G PMS-805,Medium,Beige,GABRIALLA,GABRIALLA,
E-PMS-805 L,G PMS-805 L B,6.56E+11,G PMS-805,Large,Beige,GABRIALLA,GABRIALLA,
E-PMS-805 XL,G PMS-805 XL B,6.56E+11,G PMS-805,X-Large,Beige,GABRIALLA,GABRIALLA,
E-PMS-805 2XL,G PMS-805 2XL B,6.56E+11,G PMS-805,2X-Large,Beige,GABRIALLA,GABRIALLA,
E-PMS-805 M BL,G PMS-805 M BL,6.56E+11,G PMS-805,Medium,Black,GABRIALLA,GABRIALLA,
E-PMS-805 L BL,G PMS-805 L BL,6.56E+11,G PMS-805,Large,Black,GABRIALLA,GABRIALLA,
E-PMS-805 XL BL,G PMS-805 XL BL,6.56E+11,G PMS-805,X-Large,Black,GABRIALLA,GABRIALLA,
E-PMS-805 2X BL,G PMS-805 2XL BL,6.56E+11,G PMS-805,2X-Large,Black,GABRIALLA,GABRIALLA,
H-500 S,I H-500 S,6.56E+11,I H-500,Small,White,ITA-MED,ITA-MED,
H-500 M,I H-500 M,6.56E+11,I H-500,Medium,White,ITA-MED,ITA-MED,
H-500 L,I H-500 L,6.56E+11,I H-500,Large,White,ITA-MED,ITA-MED,
H-500 XL,I H-500 XL,6.56E+11,I H-500,X-Large,White,ITA-MED,ITA-MED,
H-510 S,I H-510 S,6.56E+11,I H-510,Small,White,ITA-MED,ITA-MED,
H-510 M,I H-510 M,6.56E+11,I H-510,Medium,White,ITA-MED,ITA-MED,
H-510 L,I H-510 L,6.56E+11,I H-510,Large,White,ITA-MED,ITA-MED,
H-510 XL,I H-510 XL,6.56E+11,I H-510,X-Large,White,ITA-MED,ITA-MED,
H-510 XXL,I H-510 2XL,6.56E+11,I H-510,2X-Large,White,ITA-MED,ITA-MED,
H-510 XXXL,I H-510 3XL,6.56E+11,I H-510,3X-Large,White,ITA-MED,ITA-MED,
S-LS-112(I)S S,I LS-112 S W,6.56E+11,I LS-112,Small,White,ITA-MED,ITA-MED,"ITA, Lena"
S-LS-112(I)S M,I LS-112 M W,6.56E+11,I LS-112,Medium,White,ITA-MED,ITA-MED,"ITA, Lena"
S-LS-112(I)S L,I LS-112 L W,6.56E+11,I LS-112,Large,White,ITA-MED,ITA-MED,"ITA, Lena"
S-LS-112(I)S XL,I LS-112 XL W,6.56E+11,I LS-112,X-Large,White,ITA-MED,ITA-MED,"ITA, Lena"
S-LS-112(I)S 2X,I LS-112 2XL W,6.56E+11,I LS-112,2X-Large,White,ITA-MED,ITA-MED,"ITA, Lena"
S-LS112(I)SBL S,I LS-112 S BL,6.56E+11,I LS-112,Small,Black,ITA-MED,ITA-MED,"ITA, Lena"
S-LS112(I)SBL M,I LS-112 M BL,6.56E+11,I LS-112,Medium,Black,ITA-MED,ITA-MED,"ITA, Lena"
S-LS112(I)SBL L,I LS-112 L BL,6.56E+11,I LS-112,Large,Black,ITA-MED,ITA-MED,"ITA, Lena"
S-LS112(I)SBLXL,I LS-112 XL BL,6.56E+11,I LS-112,X-Large,Black,ITA-MED,ITA-MED,"ITA, Lena"
S-LS112(I)SBL2X,I LS-112 2XL BL,6.56E+11,I LS-112,2X-Large,Black,ITA-MED,ITA-MED,"ITA, Lena"
S-LSO-981 S,I LSO-981 S,6.56E+11,I LSO-981,Small,Black,ITA-MED,ITA-MED,
S-LSO-981 M,I LSO-981 M,6.56E+11,I LSO-981,Medium,Black,ITA-MED,ITA-MED,
S-LSO-981 L,I LSO-981 L,6.56E+11,I LSO-981,Large,Black,ITA-MED,ITA-MED,
S-LSO-981 XL,I LSO-981 XL,6.56E+11,I LSO-981,X-Large,Black,ITA-MED,ITA-MED,
S-BS-229 B S,I BS-229 S B,6.56E+11,I BS-229,Small,Beige,ITA-MED,ITA-MED,"ITA, Lena"
S-BS-229 B M,I BS-229 M B,6.56E+11,I BS-229,Medium,Beige,ITA-MED,ITA-MED,"ITA, Lena"
S-BS-229 B L,I BS-229 L B,6.56E+11,I BS-229,Large,Beige,ITA-MED,ITA-MED,"ITA, Lena"
S-BS-229 B XL,I BS-229 XL B,6.56E+11,I BS-229,X-Large,Beige,ITA-MED,ITA-MED,"ITA, Lena"
S-BS-229 B 2XL,I BS-229 2XL B,6.56E+11,I BS-229,2X-Large,Beige,ITA-MED,ITA-MED,"ITA, Lena"
S-BS-229 BL S,I BS-229 S BL,6.56E+11,I BS-229,Small,Black,ITA-MED,ITA-MED,"ITA, Lena"
S-BS-229 BL M,I BS-229 M BL,6.56E+11,I BS-229,Medium,Black,ITA-MED,ITA-MED,"ITA, Lena"
S-BS-229 BL L,I BS-229 L BL,6.56E+11,I BS-229,Large,Black,ITA-MED,ITA-MED,"ITA, Lena"
S-BS-229 BL XL,I BS-229 XL BL,6.56E+11,I BS-229,X-Large,Black,ITA-MED,ITA-MED,"ITA, Lena"
S-BS-229 BL 2XL,I BS-229 2XL BL,6.56E+11,I BS-229,2X-Large,Black,ITA-MED,ITA-MED,"ITA, Lena"
S-BS-227RG(S)UN,I BS-227 UN,6.56E+11,I BS-227,Universal,White,ITA-MED,ITA-MED,"ITA, Lena"
S-BS-227RG(S)XL,I BS-227 XL,6.56E+11,I BS-227,X-Large,White,ITA-MED,ITA-MED,"ITA, Lena"
S-BS-227RG(S)2X,I BS-227 2XL,6.56E+11,I BS-227,2X-Large,White,ITA-MED,ITA-MED,"ITA, Lena"
S-BS-221(S) S,I BS-221 S,6.56E+11,I BS-221,Small,White,ITA-MED,ITA-MED,"ITA, Lena"
S-BS-221(S) M,I BS-221 M,6.56E+11,I BS-221,Medium,White,ITA-MED,ITA-MED,"ITA, Lena"
S-BS-221(S) L,I BS-221 L,6.56E+11,I BS-221,Large,White,ITA-MED,ITA-MED,"ITA, Lena"
S-BS-221(S) XL,I BS-221 XL,6.56E+11,I BS-221,X-Large,White,ITA-MED,ITA-MED,"ITA, Lena"
S-BS-221(S) 2XL,I BS-221 2XL,6.56E+11,I BS-221,2X-Large,White,ITA-MED,ITA-MED,"ITA, Lena"
S-BS-221(S)BL S,I BS-221 S BL,6.56E+11,I BS-221,Small,Black,ITA-MED,ITA-MED,"ITA, Lena"
S-BS-221(S)BL M,I BS-221 M BL,6.56E+11,I BS-221,Medium,Black,ITA-MED,ITA-MED,"ITA, Lena"
S-BS-221(S)BL L,I BS-221 L BL,6.56E+11,I BS-221,Large,Black,ITA-MED,ITA-MED,"ITA, Lena"
S-BS-221(S)BL X,I BS-221 XL BL,6.56E+11,I BS-221,X-Large,Black,ITA-MED,ITA-MED,"ITA, Lena"
S-BS221(S)BL 2X,I BS-221 2XL BL,6.56E+11,I BS-221,2X-Large,Black,ITA-MED,ITA-MED,"ITA, Lena"
S-SIB-13 W S,M SIB-13 S  ,6.56E+11,M SIB-13,Small,White,MAXAR,MAXAR,"ITA, Lena"
S-SIB-13 W M,M SIB-13 M ,6.56E+11,M SIB-13,Medium,White,MAXAR,MAXAR,"ITA, Lena"
S-SIB-13 W L,M SIB-13 L ,6.56E+11,M SIB-13,Large,White,MAXAR,MAXAR,"ITA, Lena"
S-SIB-13 W XL,M SIB-13 XL ,6.56E+11,M SIB-13,X-Large,White,MAXAR,MAXAR,"ITA, Lena"
S-SIB-13 W 2XL,M SIB-13 2XL ,6.56E+11,M SIB-13,2X-Large,White,MAXAR,MAXAR,"ITA, Lena"
S-SIB-13 BL S,M SIB-13 S BL,6.56E+11,M SIB-13,Small,Black,MAXAR,MAXAR,"ITA, Lena"
S-SIB-13 BL M,M SIB-13 M BL,6.56E+11,M SIB-13,Medium,Black,MAXAR,MAXAR,"ITA, Lena"
S-SIB-13 BL L,M SIB-13 L BL,6.56E+11,M SIB-13,Large,Black,MAXAR,MAXAR,"ITA, Lena"
S-SIB-13 BL XL,M SIB-13 XL BL,6.56E+11,M SIB-13,X-Large,Black,MAXAR,MAXAR,"ITA, Lena"
S-SIB-13 BL 2XL,M SIB-13 2XL BL,6.56E+11,M SIB-13,2X-Large,Black,MAXAR,MAXAR,"ITA, Lena"
S-ABS-228RG(S)U,I ABS-228 UN,6.56E+11,I ABS-228,Universal,Beige,ITA-MED,ITA-MED,"ITA, Lena"
S-ABS-228RG(S)X,I ABS-228 XL,6.56E+11,I ABS-228,X-Large,Beige,ITA-MED,ITA-MED,"ITA, Lena"
S-ABS228RG(S)2X,I ABS-228 2XL,6.56E+11,I ABS-228,2X-Large,Beige,ITA-MED,ITA-MED,"ITA, Lena"
S-TLSO250S(M) S,I TLSO-250(M) S,6.56E+11,I TLSO-250(M),Small,White,ITA-MED,ITA-MED,"ITA, Lena"
S-TLSO250S(M) M,I TLSO-250(M) M,6.56E+11,I TLSO-250(M),Medium,White,ITA-MED,ITA-MED,"ITA, Lena"
S-TLSO250S(M) L,I TLSO-250(M) L,6.56E+11,I TLSO-250(M),Large,White,ITA-MED,ITA-MED,"ITA, Lena"
S-TLSO250S(M)XL,I TLSO-250(M) XL,6.56E+11,I TLSO-250(M),X-Large,White,ITA-MED,ITA-MED,"ITA, Lena"
S-TLSO250S(M)2X,I TLSO-250(M) 2XL,6.56E+11,I TLSO-250(M),2X-Large,White,ITA-MED,ITA-MED,"ITA, Lena"
S-TLSO250S(W) S,I TLSO-250(W) S,6.56E+11,I TLSO-250(W),Small,White,ITA-MED,ITA-MED,"ITA, Lena"
S-TLSO250S(W) M,I TLSO-250(W) M,6.56E+11,I TLSO-250(W),Medium,White,ITA-MED,ITA-MED,"ITA, Lena"
S-TLSO250S(W) L,I TLSO-250(W) L,6.56E+11,I TLSO-250(W),Large,White,ITA-MED,ITA-MED,"ITA, Lena"
S-TLSO250S(W)XL,I TLSO-250(W) XL,6.56E+11,I TLSO-250(W),X-Large,White,ITA-MED,ITA-MED,"ITA, Lena"
S-TLSO250S(W)2X,I TLSO-250(W) 2XL,6.56E+11,I TLSO-250(W),2X-Large,White,ITA-MED,ITA-MED,"ITA, Lena"
S-TLSO250P S,I TLSO-250(P) S,6.56E+11,I TLSO-250(P),Small,White,ITA-MED,ITA-MED,"ITA, Lena"
S-TLSO250P L,I TLSO-250(P) L,6.56E+11,I TLSO-250(P),Large,White,ITA-MED,ITA-MED,"ITA, Lena"
M-CC230(A)-3,"I CC-230(A)(3"")",6.56E+11,"I CC-230(A)(3"")","3"" Wide",Beige,ITA-MED,ITA-MED,
M-CC230(A)-3.5,"I CC-230(A)(3.5"")",6.56E+11,"I CC-230(A)(3.5"")","3.5"" Wide",Beige,ITA-MED,ITA-MED,
M-CC230(A)-4,"I CC-230(A)(4"")",6.56E+11,"I CC-230(A)(4"")","4"" Wide",Beige,ITA-MED,ITA-MED,
M-CC240A0 S,I CC-240(A)(O) S,6.56E+11,I CC-240(A)(O),Small,Beige,ITA-MED,ITA-MED,
M-CC240AO M,I CC-240(A)(O) M,6.56E+11,I CC-240(A)(O),Medium,Beige,ITA-MED,ITA-MED,
M-CC240AO L,I CC-240(A)(O) L,6.56E+11,I CC-240(A)(O),Large,Beige,ITA-MED,ITA-MED,
M-CC240A0 XL,I CC-240(A)(O) XL,6.56E+11,I CC-240(A)(O),X-Large,Beige,ITA-MED,ITA-MED,
M-CC-260 S,I CC-260 S,6.56E+11,I CC-260,Small,White,ITA-MED,ITA-MED,
M-CC-260 M,I CC-260 M,6.56E+11,I CC-260,Medium,White,ITA-MED,ITA-MED,
M-CC-260 L,I CC-260 L,6.56E+11,I CC-260,Large,White,ITA-MED,ITA-MED,
M-CC-260 XL,I CC-260 XL,6.56E+11,I CC-260,X-Large,White,ITA-MED,ITA-MED,
M-CC-260 2XL,I CC-260 2XL,6.56E+11,I CC-260,2X-Large,White,ITA-MED,ITA-MED,
M-CC-265 S,I CC-265 S,6.56E+11,I CC-265,Small,White,ITA-MED,ITA-MED,
M-CC-265 M,I CC-265 M,6.56E+11,I CC-265,Medium,White,ITA-MED,ITA-MED,
M-CC-265 L,I CC-265 L,6.56E+11,I CC-265,Large,White,ITA-MED,ITA-MED,
M-CC-265 XL,I CC-265 XL,6.56E+11,I CC-265,X-Large,White,ITA-MED,ITA-MED,
M-CC-265 2XL,I CC-265 2XL,6.56E+11,I CC-265,2X-Large,White,ITA-MED,ITA-MED,
M-MHP-327,I MHP-327,6.56E+11,I MHP-327,Universal,White,ITA-MED,ITA-MED,
S-AB208(I)WBL S,I AB-208(W) S BL,6.56E+11,I AB-208(W),Small,Black,ITA-MED,ITA-MED,"ITA, Lena"
S-AB208(I)WBL M,I AB-208(W) M BL,6.56E+11,I AB-208(W),Medium,Black,ITA-MED,ITA-MED,"ITA, Lena"
S-AB208(I)WBL L,I AB-208(W) L BL,6.56E+11,I AB-208(W),Large,Black,ITA-MED,ITA-MED,"ITA, Lena"
S-AB208(I)WBL X,I AB-208(W) XL BL,6.56E+11,I AB-208(W),X-Large,Black,ITA-MED,ITA-MED,"ITA, Lena"
S-AB208(I)WBL2X,I AB-208(W) 2XL BL,6.56E+11,I AB-208(W),2X-Large,Black,ITA-MED,ITA-MED,"ITA, Lena"
S-AB208(I)W S,I AB-208(W) S W,6.56E+11,I AB-208(W),Small,White,ITA-MED,ITA-MED,"ITA, Lena"
S-AB208(I)W M,I AB-208(W) M W,6.56E+11,I AB-208(W),Medium,White,ITA-MED,ITA-MED,"ITA, Lena"
S-AB208(I)W L,I AB-208(W) L W,6.56E+11,I AB-208(W),Large,White,ITA-MED,ITA-MED,"ITA, Lena"
S-AB208(I)W XL,I AB-208(W) XL W,6.56E+11,I AB-208(W),X-Large,White,ITA-MED,ITA-MED,"ITA, Lena"
S-AB208(I)W 2X,I AB-208(W) 2XL W,6.56E+11,I AB-208(W),2X-Large,White,ITA-MED,ITA-MED,"ITA, Lena"
S-AB208(I)MBL S,I AB-208(M) S BL,6.56E+11,I AB-208(M),Small,Black,ITA-MED,ITA-MED,"ITA, Lena"
S-AB208(I)MBL M,I AB-208(M) M BL,6.56E+11,I AB-208(M),Medium,Black,ITA-MED,ITA-MED,"ITA, Lena"
S-AB208(I)MBL L,I AB-208(M) L BL,6.56E+11,I AB-208(M),Large,Black,ITA-MED,ITA-MED,"ITA, Lena"
S-AB208(I)MBL X,I AB-208(M) XL BL,6.56E+11,I AB-208(M),X-Large,Black,ITA-MED,ITA-MED,"ITA, Lena"
S-AB208(I)MBL2X,I AB-208(M) 2XL BL,6.56E+11,I AB-208(M),2X-Large,Black,ITA-MED,ITA-MED,"ITA, Lena"
S-AB208(I)M S,I AB-208(M) S W,6.56E+11,I AB-208(M),Small,White,ITA-MED,ITA-MED,"ITA, Lena"
S-AB208(I)M M,I AB-208(M) M W,6.56E+11,I AB-208(M),Medium,White,ITA-MED,ITA-MED,"ITA, Lena"
S-AB208(I)M L,I AB-208(M) L W,6.56E+11,I AB-208(M),Large,White,ITA-MED,ITA-MED,"ITA, Lena"
S-AB208(I)M XL,I AB-208(M) XL W,6.56E+11,I AB-208(M),X-Large,White,ITA-MED,ITA-MED,"ITA, Lena"
S-AB208(I)M 2X,I AB-208(M) 2XL W,6.56E+11,I AB-208(M),2X-Large,White,ITA-MED,ITA-MED,"ITA, Lena"
S-AB-309RG(S) S,I AB-309 S,6.56E+11,I AB-309,Small,White,ITA-MED,ITA-MED,"ITA, Lena"
S-AB-309RG(S) M,I AB-309 M,6.56E+11,I AB-309,Medium,White,ITA-MED,ITA-MED,"ITA, Lena"
S-AB-309RG(S) L,I AB-309 L,6.56E+11,I AB-309,Large,White,ITA-MED,ITA-MED,"ITA, Lena"
S-AB-309RG(S)XL,I AB-309  XL,6.56E+11,I AB-309,X-Large,White,ITA-MED,ITA-MED,"ITA, Lena"
S-AB-309RG(S)2X,I AB-309 2XL,6.56E+11,I AB-309,2X-Large,White,ITA-MED,ITA-MED,"ITA, Lena"
S-AB309(I)M S,I AB-309(M) S W,6.56E+11,I AB-309(M),Small,White,ITA-MED,ITA-MED,"ITA, Lena"
S-AB309(I)M M,I AB-309(M) M W,6.56E+11,I AB-309(M),Medium,White,ITA-MED,ITA-MED,"ITA, Lena"
S-AB309(I)M L,I AB-309(M) L W,6.56E+11,I AB-309(M),Large,White,ITA-MED,ITA-MED,"ITA, Lena"
S-AB309(I)M XL,I AB-309(M) XL W,6.56E+11,I AB-309(M),X-Large,White,ITA-MED,ITA-MED,"ITA, Lena"
S-AB309(I)M 2X,I AB-309(M) 2XL W,6.56E+11,I AB-309(M),2X-Large,White,ITA-MED,ITA-MED,"ITA, Lena"
S-AB309(I)MB S,I AB-309(M) S B,6.56E+11,I AB-309(M),Small,Beige,ITA-MED,ITA-MED,"ITA, Lena"
S-AB309(I)MB M,I AB-309(M) M B,6.56E+11,I AB-309(M),Medium,Beige,ITA-MED,ITA-MED,"ITA, Lena"
S-AB309(I)MB L,I AB-309(M) L B,6.56E+11,I AB-309(M),Large,Beige,ITA-MED,ITA-MED,"ITA, Lena"
S-AB309(I)MB XL,I AB-309(M) XL B,6.56E+11,I AB-309(M),X-Large,Beige,ITA-MED,ITA-MED,"ITA, Lena"
S-AB309(I)MB 2X,I AB-309(M) 2XL B,6.56E+11,I AB-309(M),2X-Large,Beige,ITA-MED,ITA-MED,"ITA, Lena"
S-AB309(I)MBL S,I AB-309(M) S BL,6.56E+11,I AB-309(M),Small,Black,ITA-MED,ITA-MED,"ITA, Lena"
S-AB309(I)MBL M,I AB-309(M) M BL,6.56E+11,I AB-309(M),Medium,Black,ITA-MED,ITA-MED,"ITA, Lena"
S-AB309(I)MBL L,I AB-309(M) L BL,6.56E+11,I AB-309(M),Large,Black,ITA-MED,ITA-MED,"ITA, Lena"
S-AB309(I)MBL X,I AB-309(M) XL BL,6.56E+11,I AB-309(M),X-Large,Black,ITA-MED,ITA-MED,"ITA, Lena"
S-AB309(I)MBL2X,I AB-309(M) 2XL BL,6.56E+11,I AB-309(M),2X-Large,Black,ITA-MED,ITA-MED,"ITA, Lena"
S-AB309(I)W S,I AB-309(W) S W,6.56E+11,I AB-309(W),Small,White,ITA-MED,ITA-MED,"ITA, Lena"
S-AB309(I)W M,I AB-309(W) M W,6.56E+11,I AB-309(W),Medium,White,ITA-MED,ITA-MED,"ITA, Lena"
S-AB309(I)W L,I AB-309(W) L W,6.56E+11,I AB-309(W),Large,White,ITA-MED,ITA-MED,"ITA, Lena"
S-AB309(I)W XL,I AB-309(W) XL W,6.56E+11,I AB-309(W),X-Large,White,ITA-MED,ITA-MED,"ITA, Lena"
S-AB309(I)W 2X,I AB-309(W) 2XL W,6.56E+11,I AB-309(W),2X-Large,White,ITA-MED,ITA-MED,"ITA, Lena"
S-AB309(I)WB S,I AB-309(W) S B,6.56E+11,I AB-309(W),Small,Beige,ITA-MED,ITA-MED,"ITA, Lena"
S-AB309(I)WB M,I AB-309(W) M B,6.56E+11,I AB-309(W),Medium,Beige,ITA-MED,ITA-MED,"ITA, Lena"
S-AB309(I)WB L,I AB-309(W) L B,6.56E+11,I AB-309(W),Large,Beige,ITA-MED,ITA-MED,"ITA, Lena"
S-AB309(I)WB XL,I AB-309(W) XL B,6.56E+11,I AB-309(W),X-Large,Beige,ITA-MED,ITA-MED,"ITA, Lena"
S-AB309(I)WB2X,I AB-309(W) 2XL B,6.56E+11,I AB-309(W),2X-Large,Beige,ITA-MED,ITA-MED,"ITA, Lena"
S-AB309(I)WBL S,I AB-309(W) S BL,6.56E+11,I AB-309(W),Small,Black,ITA-MED,ITA-MED,"ITA, Lena"
S-AB309(I)WBL M,I AB-309(W) M BL,6.56E+11,I AB-309(W),Medium,Black,ITA-MED,ITA-MED,"ITA, Lena"
S-AB309(I)WBL L,I AB-309(W) L BL,6.56E+11,I AB-309(W),Large,Black,ITA-MED,ITA-MED,"ITA, Lena"
S-AB309(I)WBL X,I AB-309(W) XL BL,6.56E+11,I AB-309(W),X-Large,Black,ITA-MED,ITA-MED,"ITA, Lena"
S-AB309(I)WBL2X,I AB-309(W) 2XL BL,6.56E+11,I AB-309(W),2X-Large,Black,ITA-MED,ITA-MED,"ITA, Lena"
S-AB-412RG(S) S,I AB-412 S,6.56E+11,I AB-412,Small,White,ITA-MED,ITA-MED,"ITA, Lena"
S-AB-412RG(S) M,I AB-412 M,6.56E+11,I AB-412,Medium,White,ITA-MED,ITA-MED,"ITA, Lena"
S-AB-412RG(S) L,I AB-412 L,6.56E+11,I AB-412,Large,White,ITA-MED,ITA-MED,"ITA, Lena"
S-AB-412RG(S)XL,I AB-412 XL,6.56E+11,I AB-412,X-Large,White,ITA-MED,ITA-MED,"ITA, Lena"
S-AB-412RG(S)2X,I AB-412 2XL,6.56E+11,I AB-412,2X-Large,White,ITA-MED,ITA-MED,"ITA, Lena"
S-AB412(I)M S,I AB-412(M) S W,6.56E+11,I AB-412(M),Small,White,ITA-MED,ITA-MED,"ITA, Lena"
S-AB412(I)M M,I AB-412(M) M W,6.56E+11,I AB-412(M),Medium,White,ITA-MED,ITA-MED,"ITA, Lena"
S-AB412(I)M L,I AB-412(M) L W,6.56E+11,I AB-412(M),Large,White,ITA-MED,ITA-MED,"ITA, Lena"
S-AB412(I)M XL,I AB-412(M) XL W,6.56E+11,I AB-412(M),X-Large,White,ITA-MED,ITA-MED,"ITA, Lena"
S-AB412(I)M 2X,I AB-412(M) 2XL W,6.56E+11,I AB-412(M),2X-Large,White,ITA-MED,ITA-MED,"ITA, Lena"
S-AB412(I)MBL S,I AB-412(M) S BL,6.56E+11,I AB-412(M),Small,Black,ITA-MED,ITA-MED,"ITA, Lena"
S-AB412(I)MBL M,I AB-412(M) M BL,6.56E+11,I AB-412(M),Medium,Black,ITA-MED,ITA-MED,"ITA, Lena"
S-AB412(I)MBL L,I AB-412(M) L BL,6.56E+11,I AB-412(M),Large,Black,ITA-MED,ITA-MED,"ITA, Lena"
S-AB412(I)MBL X,I AB-412(M) XL BL,6.56E+11,I AB-412(M),X-Large,Black,ITA-MED,ITA-MED,"ITA, Lena"
S-AB412(I)MBL2X,I AB-412(M) 2XL BL,6.56E+11,I AB-412(M),2X-Large,Black,ITA-MED,ITA-MED,"ITA, Lena"
S-AB412(I)W S,I AB-412(W) S W,6.56E+11,I AB-412(W),Small,White,ITA-MED,ITA-MED,"ITA, Lena"
S-AB412(I)W M,I AB-412(W) M W,6.56E+11,I AB-412(W),Medium,White,ITA-MED,ITA-MED,"ITA, Lena"
S-AB412(I)W L,I AB-412(W) L W,6.56E+11,I AB-412(W),Large,White,ITA-MED,ITA-MED,"ITA, Lena"
S-AB412(I)W XL,I AB-412(W) XL W,6.56E+11,I AB-412(W),X-Large,White,ITA-MED,ITA-MED,"ITA, Lena"
S-AB412(I)W 2X,I AB-412(W) 2XL W,6.56E+11,I AB-412(W),2X-Large,White,ITA-MED,ITA-MED,"ITA, Lena"
S-AB412(I)WBL S,I AB-412(W) S BL,6.56E+11,I AB-412(W),Small,Black,ITA-MED,ITA-MED,"ITA, Lena"
S-AB412(I)WBL M,I AB-412(W) M BL,6.56E+11,I AB-412(W),Medium,Black,ITA-MED,ITA-MED,"ITA, Lena"
S-AB412(I)WBL L,I AB-412(W) L BL,6.56E+11,I AB-412(W),Large,Black,ITA-MED,ITA-MED,"ITA, Lena"
S-AB412(I)WBL X,I AB-412(W) XL BL,6.56E+11,I AB-412(W),X-Large,Black,ITA-MED,ITA-MED,"ITA, Lena"
S-AB412(I)WBL2X,I AB-412(W) 2XL BL,6.56E+11,I AB-412(W),2X-Large,Black,ITA-MED,ITA-MED,"ITA, Lena"
M-HS-484 S,I HS-484 S,6.56E+11,I HS-484,Small,Beige,ITA-MED,ITA-MED,
M-HS-484 M,I HS-484 M,6.56E+11,I HS-484,Medium,Beige,ITA-MED,ITA-MED,
M-HS-484 L,I HS-484 L,6.56E+11,I HS-484,Large,Beige,ITA-MED,ITA-MED,
M-HS-484 XL,I HS-484 XL,6.56E+11,I HS-484,X-Large,Beige,ITA-MED,ITA-MED,
M-HS-484 2XL,I HS-484 2XL,6.56E+11,I HS-484,2X-Large,Beige,ITA-MED,ITA-MED,
S-RSM-223 S,I RSM-223 S,6.56E+11,I RSM-223,Small,White,ITA-MED,ITA-MED,"ITA, Lena"
S-RSM-223 M,I RSM-223 M,6.56E+11,I RSM-223,Medium,White,ITA-MED,ITA-MED,"ITA, Lena"
S-RSM-223 L,I RSM-223 L,6.56E+11,I RSM-223,Large,White,ITA-MED,ITA-MED,"ITA, Lena"
S-RSM-223 XL,I RSM-223 XL,6.56E+11,I RSM-223,X-Large,White,ITA-MED,ITA-MED,"ITA, Lena"
S-RSM-223 2XL,I RSM-223 2XL,6.56E+11,I RSM-223,2X-Large,White,ITA-MED,ITA-MED,"ITA, Lena"
S-RSW-224 S,I RSW-224 S,6.56E+11,I RSW-224,Small,White,ITA-MED,ITA-MED,"ITA, Lena"
S-RSW-224 M,I RSW-224 M,6.56E+11,I RSW-224,Medium,White,ITA-MED,ITA-MED,"ITA, Lena"
S-RSW-224 L,I RSW-224 L,6.56E+11,I RSW-224,Large,White,ITA-MED,ITA-MED,"ITA, Lena"
S-RSW-224 XL,I RSW-224 XL,6.56E+11,I RSW-224,X-Large,White,ITA-MED,ITA-MED,"ITA, Lena"
S-RSW-224 2XL,I RSW-224 2XL,6.56E+11,I RSW-224,2X-Large,White,ITA-MED,ITA-MED,"ITA, Lena"
E-FWB-305 XS,I FWB-305 XS,6.56E+11,I FWB-305,X-Small,Black,ITA-MED,ITA-MED,
E-FWB-305 S,I FWB-305 S,6.56E+11,I FWB-305,Small,Black,ITA-MED,ITA-MED,
E-FWB-305 M,I FWB-305 M,6.56E+11,I FWB-305,Medium,Black,ITA-MED,ITA-MED,
E-FWB-305 L,I FWB-305 L,6.56E+11,I FWB-305,Large,Black,ITA-MED,ITA-MED,
E-FWB-305 XL,I FWB-305 XL,6.56E+11,I FWB-305,X-Large,Black,ITA-MED,ITA-MED,
E-FWB-305(A) S,I FWB-305(A) S,6.56E+11,I FWB-305(A),Small,Black,ITA-MED,ITA-MED,
E-FWB-305(A) M,I FWB-305(A) M,6.56E+11,I FWB-305(A),Medium,Black,ITA-MED,ITA-MED,
E-FWB-305(A) L,I FWB-305(A) L,6.56E+11,I FWB-305(A),Large,Black,ITA-MED,ITA-MED,
E-FWB-305(A) XL,I FWB-305(A) XL,6.56E+11,I FWB-305(A),X-Large,Black,ITA-MED,ITA-MED,
E-FWB-305(S) XS,I FWB-305(S) XS,6.56E+11,I FWB-305(S),X-Small,Black,ITA-MED,ITA-MED,
E-FWB-305(S) S,I FWB-305(S) S,6.56E+11,I FWB-305(S),Small,Black,ITA-MED,ITA-MED,
E-FWB-305(S) M,I FWB-305(S) M,6.56E+11,I FWB-305(S),Medium,Black,ITA-MED,ITA-MED,
E-FWB-305(S) L,I FWB-305(S) L,6.56E+11,I FWB-305(S),Large,Black,ITA-MED,ITA-MED,
E-FWB-305(S) XL,I FWB-305(S) XL,6.56E+11,I FWB-305(S),X-Large,Black,ITA-MED,ITA-MED,
E-AS-100 S,I AS-100 S,6.56E+11,I AS-100,Small,Navy Blue,ITA-MED,ITA-MED,
E-AS-100 M,I AS-100 M,6.56E+11,I AS-100,Medium,Navy Blue,ITA-MED,ITA-MED,
E-AS-100 L,I AS-100 L,6.56E+11,I AS-100,Large,Navy Blue,ITA-MED,ITA-MED,
E-AS-100 XL,I AS-100 XL,6.56E+11,I AS-100,X-Large,Navy Blue,ITA-MED,ITA-MED,
E-AS-300(I) S,I AS-300(i) S,6.56E+11,I AS-300(i),Small,Black,ITA-MED,ITA-MED,
E-AS-300(I) M,I AS-300(i) M,6.56E+11,I AS-300(i),Medium,Black,ITA-MED,ITA-MED,
E-AS-300(I) L,I AS-300(i) L,6.56E+11,I AS-300(i),Large,Black,ITA-MED,ITA-MED,
E-ROMW-304 S,I ROMW-304 S,6.56E+11,I ROMW-304,Small,Black,ITA-MED,ITA-MED,
E-ROMW-304 M,I ROMW-304 M,6.56E+11,I ROMW-304,Medium,Black,ITA-MED,ITA-MED,
E-ROMW-304 L,I ROMW-304 L,6.56E+11,I ROMW-304,Large,Black,ITA-MED,ITA-MED,
E-AFO-101L S/M,I AFO-101L S/M,6.56E+11,I AFO-101L,Small/Medium,White,ITA-MED,ITA-MED,
E-AFO-101L L/XL,I AFO-101L L/XL,6.56E+11,I AFO-101L,Large/X-Large,White,ITA-MED,ITA-MED,
E-AFO-101R S/M,I AFO-101R S/M,6.56E+11,I AFO-101R,Small/Medium,White,ITA-MED,ITA-MED,
E-AFO-101R L/XL,I AFO-101R L/XL,6.56E+11,I AFO-101R,Large/X-Large,White,ITA-MED,ITA-MED,
H-170 S B,M H-170 S B,6.56E+11,M H-170,Small,Beige,MAXAR,MAXAR,
H-170 M B,M H-170 M B,6.56E+11,M H-170,Medium,Beige,MAXAR,MAXAR,
H-170 L B,M H-170 L B,6.56E+11,M H-170,Large,Beige,MAXAR,MAXAR,
H-170 XL B,M H-170 XL B,6.56E+11,M H-170,X-Large,Beige,MAXAR,MAXAR,
H-170 2XL B,M H-170 2XL B,6.56E+11,M H-170,2X-Large,Beige,MAXAR,MAXAR,
H-170 S BL,M H-170 S BL,6.56E+11,M H-170,Small,Black,MAXAR,MAXAR,
H-170 M BL,M H-170 M BL,6.56E+11,M H-170,Medium,Black,MAXAR,MAXAR,
H-170 L BL,M H-170 L BL,6.56E+11,M H-170,Large,Black,MAXAR,MAXAR,
H-170 XL BL,M H-170 XL BL,6.56E+11,M H-170,X-Large,Black,MAXAR,MAXAR,
H-170 2XL BL,M H-170 2XL BL,6.56E+11,M H-170,2X-Large,Black,MAXAR,MAXAR,
H-1110 S BL,M H-1110 S BL,6.56E+11,M H-1110,Small,Black,MAXAR,MAXAR,
H-1110 M BL,M H-1110 M BL,6.56E+11,M H-1110,Medium,Black,MAXAR,MAXAR,
H-1110 L BL,M H-1110 L BL,6.56E+11,M H-1110,Large,Black,MAXAR,MAXAR,
H-1110 XL BL,M H-1110 XL BL,6.56E+11,M H-1110,X-Large,Black,MAXAR,MAXAR,
H-1110 XXL BL,M H-1110 2XL BL,6.56E+11,M H-1110,2X-Large,Black,MAXAR,MAXAR,
H-1110 S BR,M H-1110 S BR,6.56E+11,M H-1110,Small,Brown,MAXAR,MAXAR,
H-1110 M BR,M H-1110 M BR,6.56E+11,M H-1110,Medium,Brown,MAXAR,MAXAR,
H-1110 L BR,M H-1110 L BR,6.56E+11,M H-1110,Large,Brown,MAXAR,MAXAR,
H-1110 XL BR,M H-1110 XL BR,6.56E+11,M H-1110,X-Large,Brown,MAXAR,MAXAR,
H-1110 XXL BR,M H-1110 2XL BR,6.56E+11,M H-1110,2X-Large,Brown,MAXAR,MAXAR,
H-1030 S BR,M H-1030 S BR,6.56E+11,M H-1030,Small,Brown,MAXAR,MAXAR,
H-1030 M BR,M H-1030 M BR,6.56E+11,M H-1030,Medium,Brown,MAXAR,MAXAR,
H-1030 L BR,M H-1030 L BR,6.56E+11,M H-1030,Large,Brown,MAXAR,MAXAR,
H-1030 XL BR,M H-1030 XL BR,6.56E+11,M H-1030,X-Large,Brown,MAXAR,MAXAR,
H-1030 XXL BR,M H-1030 2XL BR,6.56E+11,M H-1030,2X-Large,Brown,MAXAR,MAXAR,
H-1030 S BL,M H-1030 S BL,6.56E+11,M H-1030,Small,Black,MAXAR,MAXAR,
H-1030 M BL,M H-1030 M BL,6.56E+11,M H-1030,Medium,Black,MAXAR,MAXAR,
H-1030 L BL,M H-1030 L BL,6.56E+11,M H-1030,Large,Black,MAXAR,MAXAR,
H-1030 XL BL,M H-1030 XL BL,6.56E+11,M H-1030,X-Large,Black,MAXAR,MAXAR,
H-1030 XXL BL,M H-1030 2XL BL,6.56E+11,M H-1030,2X-Large,Black,MAXAR,MAXAR,
S-NWA-152 SB,M NWA-152 S B,6.56E+11,M NWA-152,Small,Blue,MAXAR,MAXAR,
S-NWA-152 MB,M NWA-152 M B,6.56E+11,M NWA-152,Medium,Blue,MAXAR,MAXAR,
S-NWA-152 LB,M NWA-152 L B,6.56E+11,M NWA-152,Large,Blue,MAXAR,MAXAR,
S-NWA-152 XLB,M NWA-152 XL B,6.56E+11,M NWA-152,X-Large,Blue,MAXAR,MAXAR,
S-NWA-152 2XB,M NWA-152 2XL B,6.56E+11,M NWA-152,2X-Large,Blue,MAXAR,MAXAR,
S-NWA-152 SBL,M NWA-152 S BL,6.56E+11,M NWA-152,Small,Black,MAXAR,MAXAR,
S-NWA-152 MBL,M NWA-152 M BL,6.56E+11,M NWA-152,Medium,Black,MAXAR,MAXAR,
S-NWA-152 LBL,M NWA-152 L BL,6.56E+11,M NWA-152,Large,Black,MAXAR,MAXAR,
S-NWA-152 XLBL,M NWA-152 XL BL,6.56E+11,M NWA-152,X-Large,Black,MAXAR,MAXAR,
S-NWA-152 2XBL,M NWA-152 2XL BL,6.56E+11,M NWA-152,2X-Large,Black,MAXAR,MAXAR,
S-IBS-3000(S) S,M IBS-3000 S,6.56E+11,M IBS-3000,Small,Black,MAXAR,MAXAR,"ITA, Lena"
S-IBS-3000(S) M,M IBS-3000 M,6.56E+11,M IBS-3000,Medium,Black,MAXAR,MAXAR,"ITA, Lena"
S-IBS-3000(S) L,M IBS-3000 L,6.56E+11,M IBS-3000,Large,Black,MAXAR,MAXAR,"ITA, Lena"
S-IBS-3000(S)XL,M IBS-3000 XL,6.56E+11,M IBS-3000,X-Large,Black,MAXAR,MAXAR,"ITA, Lena"
S-IBS-3000(S)2X,M IBS-3000 2XL,6.56E+11,M IBS-3000,2X-Large,Black,MAXAR,MAXAR,"ITA, Lena"
S-IBS-2000(S) S,M IBS-2000 S,6.56E+11,M IBS-2000,Small,Black,MAXAR,MAXAR,"ITA, Lena"
S-IBS-2000(S) M,M IBS-2000 M,6.56E+11,M IBS-2000,Medium,Black,MAXAR,MAXAR,"ITA, Lena"
S-IBS-2000(S) L,M IBS-2000 L,6.56E+11,M IBS-2000,Large,Black,MAXAR,MAXAR,"ITA, Lena"
S-IBS-2000(S)XL,M IBS-2000 XL,6.56E+11,M IBS-2000,X-Large,Black,MAXAR,MAXAR,"ITA, Lena"
S-IBS-2000(S)2X,M IBS-2000 2XL,6.56E+11,M IBS-2000,2X-Large,Black,MAXAR,MAXAR,"ITA, Lena"
S-IBS-1000(S) S,M IBS-1000 S,6.56E+11,M IBS-1000,Small,Black,MAXAR,MAXAR,"ITA, Lena"
S-IBS-1000(S) M,M IBS-1000 M,6.56E+11,M IBS-1000,Medium,Black,MAXAR,MAXAR,"ITA, Lena"
S-IBS-1000(S) L,M IBS-1000 L,6.56E+11,M IBS-1000,Large,Black,MAXAR,MAXAR,"ITA, Lena"
S-IBS-1000(S)XL,M IBS-1000 XL,6.56E+11,M IBS-1000,X-Large,Black,MAXAR,MAXAR,"ITA, Lena"
S-IBS-1000(S)2X,M IBS-1000 2XL,6.56E+11,M IBS-1000,2X-Large,Black,MAXAR,MAXAR,"ITA, Lena"
S-BMS-511 S,M BMS-511 S,6.56E+11,M BMS-511,Small,Black with Red Trim,MAXAR,MAXAR,
S-BMS-511 M,M BMS-511 M,6.56E+11,M BMS-511,Medium,Black with Red Trim,MAXAR,MAXAR,
S-BMS-511 L,M BMS-511 L,6.56E+11,M BMS-511,Large,Black with Red Trim,MAXAR,MAXAR,
S-BMS-511 XL,M BMS-511 XL,6.56E+11,M BMS-511,X-Large,Black with Red Trim,MAXAR,MAXAR,
S-BMS-511 2XL,M BMS-511 2XL,6.56E+11,M BMS-511,2X-Large,Black with Red Trim,MAXAR,MAXAR,
S-BMS-512 S,M BMS-512 S,6.56E+11,M BMS-512,Small,Black with Red Trim,MAXAR,MAXAR,
S-BMS-512 M,M BMS-512 M,6.56E+11,M BMS-512,Medium,Black with Red Trim,MAXAR,MAXAR,
S-BMS-512 L,M BMS-512 L,6.56E+11,M BMS-512,Large,Black with Red Trim,MAXAR,MAXAR,
S-BMS-512 XL,M BMS-512 XL,6.56E+11,M BMS-512,X-Large,Black with Red Trim,MAXAR,MAXAR,
S-BMS-512 2XL,M BMS-512 2XL,6.56E+11,M BMS-512,2X-Large,Black with Red Trim,MAXAR,MAXAR,
E-ASS-503 S,M ASS-503 S,6.56E+11,M ASS-503,Small,White,MAXAR,MAXAR,
E-ASS-503 M,M ASS-503 M,6.56E+11,M ASS-503,Medium,White,MAXAR,MAXAR,
E-ASS-503 L,M ASS-503 L,6.56E+11,M ASS-503,Large,White,MAXAR,MAXAR,
E-ASS-503 XL,M ASS-503 XL,6.56E+11,M ASS-503,X-Large,White,MAXAR,MAXAR,
E-ASS-503 2XL,M ASS-503 2XL,6.56E+11,M ASS-503,2X-Large,White,MAXAR,MAXAR,
N-NKN-209 S,M NKN-209 S,6.56E+11,M NKN-209,Small,Blue,MAXAR,MAXAR,
N-NKN-209 M,M NKN-209 M,6.56E+11,M NKN-209,Medium,Blue,MAXAR,MAXAR,
N-NKN-209 L,M NKN-209 L,6.56E+11,M NKN-209,Large,Blue,MAXAR,MAXAR,
N-NKN-209 XL,M NKN-209 XL,6.56E+11,M NKN-209,X-Large,Blue,MAXAR,MAXAR,
N-NKN-209 2XL,M NKN-209 2XL,6.56E+11,M NKN-209,2X-Large,Blue,MAXAR,MAXAR,
N-NKN-139 S,M NKN-139 S,6.56E+11,M NKN-139,Small,Beige,MAXAR,MAXAR,
N-NKN-139 M,M NKN-139 M,6.56E+11,M NKN-139,Medium,Beige,MAXAR,MAXAR,
N-NKN-139 L,M NKN-139 L,6.56E+11,M NKN-139,Large,Beige,MAXAR,MAXAR,
N-NKN-139 XL,M NKN-139 XL,6.56E+11,M NKN-139,X-Large,Beige,MAXAR,MAXAR,
N-NKN-139 2XL,M NKN-139 2XL,6.56E+11,M NKN-139,2X-Large,Beige,MAXAR,MAXAR,
N-NKN-132(17),"I NKN-132(17"")",6.56E+11,I NKN-132,Short,Black,ITA-MED,ITA-MED,
N-NKN-132(23),"I NKN-132(23"")",6.56E+11,I NKN-132,Regular,Black,ITA-MED,ITA-MED,
N-NKN-132(27),"I NKN-132(27"")",6.56E+11,I NKN-132,Long,Black,ITA-MED,ITA-MED,
N-NKN-133 R,I NKN-133 R,6.56E+11,I NKN-133,Regular,Black,ITA-MED,ITA-MED,
N-NKN-133 XL,I NKN-133 XL,6.56E+11,I NKN-133,X-Large,Black,ITA-MED,ITA-MED,
N-KNS-140 S,M KNS-140 S,6.56E+11,M KNS-140,Small,Black,MAXAR,MAXAR,
N-KNS-140 M,M KNS-140 M,6.56E+11,M KNS-140,Medium,Black,MAXAR,MAXAR,
N-KNS-140 L,M KNS-140 L,6.56E+11,M KNS-140,Large,Black,MAXAR,MAXAR,
N-KNS-140 XL,M KNS-140 XL,6.56E+11,M KNS-140,X-Large,Black,MAXAR,MAXAR,
N-KNS-140 2XL,M KNS-140 2XL,6.56E+11,M KNS-140,2X-Large,Black,MAXAR,MAXAR,
E-TKN201M S,M TKN-201(M) S,6.56E+11,M TKN-201(M),Small,White,MAXAR,MAXAR,
E-TKN201M M,M TKN-201(M) M,6.56E+11,M TKN-201(M),Medium,White,MAXAR,MAXAR,
E-TKN201M L,M TKN-201(M) L,6.56E+11,M TKN-201(M),Large,White,MAXAR,MAXAR,
E-TKN201M XL,M TKN-201(M) XL,6.56E+11,M TKN-201(M),X-Large,White,MAXAR,MAXAR,
E-TKN201M 2XL,M TKN-201(M) 2XL,6.56E+11,M TKN-201(M),2X-Large,White,MAXAR,MAXAR,
E-TKN-201 S,M TKN-201 S,6.56E+11,M TKN-201,Small,White,MAXAR,MAXAR,
E-TKN-201 M,M TKN-201 M,6.56E+11,M TKN-201,Medium,White,MAXAR,MAXAR,
E-TKN-201 L,M TKN-201 L,6.56E+11,M TKN-201,Large,White,MAXAR,MAXAR,
E-TKN-201 XL,M TKN-201 XL,6.56E+11,M TKN-201,X-Large,White,MAXAR,MAXAR,
E-TKN-201 2XL,M TKN-201 2XL,6.56E+11,M TKN-201,2X-Large,White,MAXAR,MAXAR,
E-TKN-202(16),"I TKN-202(16"")",6.56E+11,"I TKN-202(16"")",Short,Blue,ITA-MED,ITA-MED,
E-TKN-202(20),"I TKN-202(20"")",6.56E+11,"I TKN-202(20"")",Regular,Blue,ITA-MED,ITA-MED,
E-TKN-202(24),"I TKN-202(24"")",6.56E+11,"I TKN-202(24"")",Long,Blue,ITA-MED,ITA-MED,
E-AKS-504 S,M AKS-504 S,6.56E+11,M AKS-504,Small,White,MAXAR,MAXAR,
E-AKS-504 M,M AKS-504 M,6.56E+11,M AKS-504,Medium,White,MAXAR,MAXAR,
E-AKS-504 L,M AKS-504 L,6.56E+11,M AKS-504,Large,White,MAXAR,MAXAR,
E-AKS-504 XL,M AKS-504 XL,6.56E+11,M AKS-504,X-Large,White,MAXAR,MAXAR,
E-AKS-504 2XL,M AKS-504 2XL,6.56E+11,M AKS-504,2X-Large,White,MAXAR,MAXAR,
E-BKN-301 S,M BKN-301 S,6.56E+11,M BKN-301,Small,Beige,MAXAR,MAXAR,
E-BKN-301 M,M BKN-301 M,6.56E+11,M BKN-301,Medium,Beige,MAXAR,MAXAR,
E-BKN-301 L,M BKN-301 L,6.56E+11,M BKN-301,Large,Beige,MAXAR,MAXAR,
E-BKN-301 XL,M BKN-301 XL,6.56E+11,M BKN-301,X-Large,Beige,MAXAR,MAXAR,
E-BKN-301 2XL,M BKN-301 2XL,6.56E+11,M BKN-301,2X-Large,Beige,MAXAR,MAXAR,
E-EKN-401 S,M EKN-401 S,6.56E+11,M EKN-401,Small,Beige,MAXAR,MAXAR,
E-EKN-401 M,M EKN-401 M,6.56E+11,M EKN-401,Medium,Beige,MAXAR,MAXAR,
E-EKN-401 L,M EKN-401 L,6.56E+11,M EKN-401,Large,Beige,MAXAR,MAXAR,
E-EKN-401 XL,M EKN-401 XL,6.56E+11,M EKN-401,X-Large,Beige,MAXAR,MAXAR,
E-EKN-401 2XL,M EKN-401 2XL,6.56E+11,M EKN-401,2X-Large,Beige,MAXAR,MAXAR,
E-TAN-201 S,M TAN-201 S,6.56E+11,M TAN-201,Small,White,MAXAR,MAXAR,
E-TAN-201 M,M TAN-201 M,6.56E+11,M TAN-201,Medium,White,MAXAR,MAXAR,
E-TAN-201 L,M TAN-201 L,6.56E+11,M TAN-201,Large,White,MAXAR,MAXAR,
E-TAN-201 XL,M TAN-201 XL,6.56E+11,M TAN-201,X-Large,White,MAXAR,MAXAR,
E-TAN-201 2XL,M TAN-201 2XL,6.56E+11,M TAN-201,2X-Large,White,MAXAR,MAXAR,
E-BAN-301 S,M BAN-301 S,6.56E+11,M BAN-301,Small,Beige,MAXAR,MAXAR,
E-BAN-301 M,M BAN-301 M,6.56E+11,M BAN-301,Medium,Beige,MAXAR,MAXAR,
E-BAN-301 L,M BAN-301 L ,6.56E+11,M BAN-301,Large,Beige,MAXAR,MAXAR,
E-BAN-301 XL,M BAN-301 XL,6.56E+11,M BAN-301,X-Large,Beige,MAXAR,MAXAR,
E-GAG-303,M GAG-303 W,6.56E+11,M GAG-303,Universal,White,MAXAR,MAXAR,
E-GAG-303(I),M GAG-303(i) BL,6.56E+11,M GAG-303(i),Universal,Black,MAXAR,MAXAR,
E-NAN-115 S,M NAN-115 S W,6.56E+11,M NAN-115,Small ,White,MAXAR,MAXAR,
E-NAN-115 M,M NAN-115 M W,6.56E+11,M NAN-115,Medium,White,MAXAR,MAXAR,
E-NAN-115 L,M NAN-115 L W,6.56E+11,M NAN-115,Large,White,MAXAR,MAXAR,
E-NAN-115 XL,M NAN-115 XL W,6.56E+11,M NAN-115,X-Large,White,MAXAR,MAXAR,
E-NAN-115 S BL,M NAN-115 S BL,6.56E+11,M NAN-115,Small ,Black,MAXAR,MAXAR,
E-NAN-115 M BL,M NAN-115 M BL,6.56E+11,M NAN-115,Medium,Black,MAXAR,MAXAR,
E-NAN-115 L BL,M NAN-115 L BL,6.56E+11,M NAN-115,Large,Black,MAXAR,MAXAR,
E-NAN-115 XL BL,M NAN-115 XL BL,6.56E+11,M NAN-115,X-Large,Black,MAXAR,MAXAR,
E-TWR-201 S,M TWR-201 S,6.56E+11,M TWR-201,Small,White,MAXAR,MAXAR,
E-TWR-201 M,M TWR-201 M,6.56E+11,M TWR-201,Medium,White,MAXAR,MAXAR,
E-TWR-201 L,M TWR-201 L,6.56E+11,M TWR-201,Large,White,MAXAR,MAXAR,
E-TWR-201 XL,M TWR-201 XL,6.56E+11,M TWR-201,X-Large,White,MAXAR,MAXAR,
N-WRS-202 XS-S,M WRS-202 S ,6.56E+11,M WRS-202,Small,Beige,MAXAR,MAXAR,
N-WRS-202 M,M WRS-202 M,6.56E+11,M WRS-202,Medium,Beige,MAXAR,MAXAR,
N-WRS-202 L,M WRS-202 L,6.56E+11,M WRS-202,Large,Beige,MAXAR,MAXAR,
N-WRS-202 XL,M WRS-202 XL,6.56E+11,M WRS-202,X-Large,Beige,MAXAR,MAXAR,
N-WRS-203L S,M WRS-203L S,6.56E+11,M WRS-203L,Small,Black,MAXAR,MAXAR,
N-WRS-203L M,M WRS-203L M,6.56E+11,M WRS-203L,Medium,Black,MAXAR,MAXAR,
N-WRS-203L L,M WRS-203L L,6.56E+11,M WRS-203L,Large,Black,MAXAR,MAXAR,
N-WRS-203L XL,M WRS-203L XL,6.56E+11,M WRS-203L,X-Large,Black,MAXAR,MAXAR,
N-WRS-203R S,M WRS-203R S,6.56E+11,M WRS-203R,Small,Black,MAXAR,MAXAR,
N-WRS-203R M,M WRS-203R M,6.56E+11,M WRS-203R,Medium,Black,MAXAR,MAXAR,
N-WRS-203R L,M WRS-203R L,6.56E+11,M WRS-203R,Large,Black,MAXAR,MAXAR,
N-WRS-203R XL,M WRS-203R XL,6.56E+11,M WRS-203R,X-Large,Black,MAXAR,MAXAR,
E-TEL-201 S,M TEL-201 S,6.56E+11,M TEL-201,Small,White,MAXAR,MAXAR,
E-TEL-201 M,M TEL-201 M,6.56E+11,M TEL-201,Medium,White,MAXAR,MAXAR,
E-TEL-201 L,M TEL-201 L,6.56E+11,M TEL-201,Large,White,MAXAR,MAXAR,
E-TEL-201 XL,M TEL-201 XL,6.56E+11,M TEL-201,X-Large,White,MAXAR,MAXAR,
E-AAS-102 S,M AAS-102 S,6.56E+11,M AAS-102,Small,Black,MAXAR,MAXAR,
E-AAS-102 M,M AAS-102 M,6.56E+11,M AAS-102,Medium,Black,MAXAR,MAXAR,
E-AAS-102 L,M AAS-102 L,6.56E+11,M AAS-102,Large,Black,MAXAR,MAXAR,
E-PFS-500 S,I PFS-500 S,6.56E+11,I PFS-500,Small,White,ITA-MED,ITA-MED,
E-PFS-500 M,I PFS-500 M,6.56E+11,I PFS-500,Medium,White,ITA-MED,ITA-MED,
E-PFS-500 L,I PFS-500 L,6.56E+11,I PFS-500,Large,White,ITA-MED,ITA-MED,
H-MUS-415 S BL,M MUS-415 S BL,6.56E+11,M MUS-415,Small,Black,MAXAR,MAXAR,
H-MUS-415 M BL,M MUS-415 M BL,6.56E+11,M MUS-415,Medium,Black,MAXAR,MAXAR,
H-MUS-415 L BL,M MUS-415 L BL,6.56E+11,M MUS-415,Large,Black,MAXAR,MAXAR,
H-MUS-415 XL BL,M MUS-415 XL BL,6.56E+11,M MUS-415,X-Large,Black,MAXAR,MAXAR,
H-MUS-415 2X BL,M MUS-415 2XL BL,6.56E+11,M MUS-415,2X-Large,Black,MAXAR,MAXAR,
H-MUS-415 S G,M MUS-415 S GR,6.56E+11,M MUS-415,Small,Dark Grey,MAXAR,MAXAR,
H-MUS-415 M G,M MUS-415 M GR,6.56E+11,M MUS-415,Medium,Dark Grey,MAXAR,MAXAR,
H-MUS-415 L G,M MUS-415 L GR,6.56E+11,M MUS-415,Large,Dark Grey,MAXAR,MAXAR,
H-MUS-415 XL G,M MUS-415 XL GR,6.56E+11,M MUS-415,X-Large,Dark Grey,MAXAR,MAXAR,
H-MUS-415 2X G,M MUS-415 2XL GR,6.56E+11,M MUS-415,2X-Large,Dark Grey,MAXAR,MAXAR,
H-CMS-2115 S BL,M CMS-2115 S,6.56E+11,M CMS-2115 ,Small,Black,MAXAR,MAXAR,
H-CMS-2115 M BL,M CMS-2115 M,6.56E+11,M CMS-2115 ,Medium,Black,MAXAR,MAXAR,
H-CMS-2115 L BL,M CMS-2115 L,6.56E+11,M CMS-2115 ,Large,Black,MAXAR,MAXAR,
H-CMS-2115 XLBL,M CMS-2115 XL,6.56E+11,M CMS-2115 ,X-Large,Black,MAXAR,MAXAR,
H-CMS-2115 2XBL,M CMS-2115 2XL,6.56E+11,M CMS-2115 ,2X-Large,Black,MAXAR,MAXAR,
H-SUS-315 S BL,M SUS-315 S,6.56E+11,M SUS-315,Small,Black,MAXAR,MAXAR,
H-SUS-315 M BL,M SUS-315 M,6.56E+11,M SUS-315,Medium,Black,MAXAR,MAXAR,
H-SUS-315 L BL,M SUS-315 L,6.56E+11,M SUS-315,Large,Black,MAXAR,MAXAR,
H-SUS-315 XL BL,M SUS-315 XL,6.56E+11,M SUS-315,X-Large,Black,MAXAR,MAXAR,
H-SUS-315 2X BL,M SUS-315 2XL,6.56E+11,M SUS-315,2X-Large,Black,MAXAR,MAXAR,
H-CDS-615 S BL,M CDS-615 S,6.56E+11,M CDS-615,Small,Black,MAXAR,MAXAR,
H-CDS-615 M BL,M CDS-615 M,6.56E+11,M CDS-615,Medium,Black,MAXAR,MAXAR,
H-CDS-615 L BL,M CDS-615 L,6.56E+11,M CDS-615,Large,Black,MAXAR,MAXAR,
H-CDS-615 XL BL,M CDS-615 XL,6.56E+11,M CDS-615,X-Large,Black,MAXAR,MAXAR,
H-CDS-615 2X BL,M CDS-615 2XL,6.56E+11,M CDS-615,2X-Large,Black,MAXAR,MAXAR,
S-BSM-705 S IV,G BSM-705 S IV,6.56E+11,G BSM-705,Small,Ivory,GABRIALLA,GABRIALLA,
S-BSM-705 M IV,G BSM-705 M IV,6.56E+11,G BSM-705,Medium,Ivory,GABRIALLA,GABRIALLA,
S-BSM-705 L IV,G BSM-705 L IV,6.56E+11,G BSM-705,Large,Ivory,GABRIALLA,GABRIALLA,
S-BSM-705 XL IV,G BSM-705 XL IV,6.56E+11,G BSM-705,X-Large,Ivory,GABRIALLA,GABRIALLA,
S-BSM-705 2X IV,G BSM-705 2XL IV,6.56E+11,G BSM-705,2X-Large,Ivory,GABRIALLA,GABRIALLA,
S-BSM-705 S BL,G BSM-705 S BL,6.56E+11,G BSM-705,Small,Black,GABRIALLA,GABRIALLA,
S-BSM-705 M BL,G BSM-705 M BL,6.56E+11,G BSM-705,Medium,Black,GABRIALLA,GABRIALLA,
S-BSM-705 L BL,G BSM-705 L BL,6.56E+11,G BSM-705,Large,Black,GABRIALLA,GABRIALLA,
S-BSM-705 XL BL,G BSM-705 XL BL,6.56E+11,G BSM-705,X-Large,Black,GABRIALLA,GABRIALLA,
S-BSM-705 2XLBL,G BSM-705 2XL BL,6.56E+11,G BSM-705,2X-Large,Black,GABRIALLA,GABRIALLA,
S-BSM-710 S IV,G BSM-710 S IV,6.56E+11,G BSM-710,Small,Ivory,GABRIALLA,GABRIALLA,
S-BSM-710 M IV,G BSM-710 M IV,6.56E+11,G BSM-710,Medium,Ivory,GABRIALLA,GABRIALLA,
S-BSM-710 L IV,G BSM-710 L IV,6.56E+11,G BSM-710,Large,Ivory,GABRIALLA,GABRIALLA,
S-BSM-710 XL IV,G BSM-710 XL IV,6.56E+11,G BSM-710,X-Large,Ivory,GABRIALLA,GABRIALLA,
S-BSM-710 2X IV,G BSM-710 2XL IV,6.56E+11,G BSM-710,2X-Large,Ivory,GABRIALLA,GABRIALLA,
S-BSM-710 S BL,G BSM-710 S BL,6.56E+11,G BSM-710,Small,Black,GABRIALLA,GABRIALLA,
S-BSM-710 M BL,G BSM-710 M BL,6.56E+11,G BSM-710,Medium,Black,GABRIALLA,GABRIALLA,
S-BSM-710 L BL,G BSM-710 L BL,6.56E+11,G BSM-710,Large,Black,GABRIALLA,GABRIALLA,
S-BSM-710 XL BL,G BSM-710 XL BL,6.56E+11,G BSM-710,X-Large,Black,GABRIALLA,GABRIALLA,
S-BSM-710 2X BL,G BSM-710 2XL BL,6.56E+11,G BSM-710,2X-Large,Black,GABRIALLA,GABRIALLA,
S-BSM-715 S IV,G BSM-715 S IV,6.56E+11,G BSM-715,Small,Ivory,GABRIALLA,GABRIALLA,
S-BSM-715 M IV,G BSM-715 M IV,6.56E+11,G BSM-715,Medium,Ivory,GABRIALLA,GABRIALLA,
S-BSM-715 L IV,G BSM-715 L IV,6.56E+11,G BSM-715,Large,Ivory,GABRIALLA,GABRIALLA,
S-BSM-715 XL IV,G BSM-715 XL IV,6.56E+11,G BSM-715,X-Large,Ivory,GABRIALLA,GABRIALLA,
S-BSM-715 2X IV,G BSM-715 2XL IV,6.56E+11,G BSM-715,2X-Large,Ivory,GABRIALLA,GABRIALLA,
S-BSM-715 S BL,G BSM-715 S BL,6.56E+11,G BSM-715,Small,Black,GABRIALLA,GABRIALLA,
S-BSM-715 M BL,G BSM-715 M BL,6.56E+11,G BSM-715,Medium,Black,GABRIALLA,GABRIALLA,
S-BSM-715 L BL,G BSM-715 L BL,6.56E+11,G BSM-715,Large,Black,GABRIALLA,GABRIALLA,
S-BSM-715 XL BL,G BSM-715 XL BL,6.56E+11,G BSM-715,X-Large,Black,GABRIALLA,GABRIALLA,
S-BSM-715 2X BL,G BSM-715 2XL BL,6.56E+11,G BSM-715,2X-Large,Black,GABRIALLA,GABRIALLA,
S-BSM-720 S IV,G BSM-720 S IV,6.56E+11,G BSM-720,Small,Ivory,GABRIALLA,GABRIALLA,
S-BSM-720 M IV,G BSM-720 M IV,6.56E+11,G BSM-720,Medium,Ivory,GABRIALLA,GABRIALLA,
S-BSM-720 L IV,G BSM-720 L IV,6.56E+11,G BSM-720,Large,Ivory,GABRIALLA,GABRIALLA,
S-BSM-720 XL IV,G BSM-720 XL IV,6.56E+11,G BSM-720,X-Large,Ivory,GABRIALLA,GABRIALLA,
S-BSM-720 2X IV,G BSM-720 2XL IV,6.56E+11,G BSM-720,2X-Large,Ivory,GABRIALLA,GABRIALLA,
S-BSM-720 S BL,G BSM-720 S BL,6.56E+11,G BSM-720,Small,Black,GABRIALLA,GABRIALLA,
S-BSM-720 M BL,G BSM-720 M BL,6.56E+11,G BSM-720,Medium,Black,GABRIALLA,GABRIALLA,
S-BSM-720 L BL,G BSM-720 L BL,6.56E+11,G BSM-720,Large,Black,GABRIALLA,GABRIALLA,
S-BSM-720 XL BL,G BSM-720 XL BL,6.56E+11,G BSM-720,X-Large,Black,GABRIALLA,GABRIALLA,
S-BSM-720 2X BL,G BSM-720 2XL BL,6.56E+11,G BSM-720,2X-Large,Black,GABRIALLA,GABRIALLA,
E-LM-701 S BL,G LM-701 S,6.56E+11,G LM-701,Small,Black,GABRIALLA,GABRIALLA,
E-LM-701 M BL,G LM-701 M,6.56E+11,G LM-701,Medium,Black,GABRIALLA,GABRIALLA,
E-LM-701 L BL,G LM-701 L,6.56E+11,G LM-701,Large,Black,GABRIALLA,GABRIALLA,
E-LM-701 XL BL,G LM-701 XL,6.56E+11,G LM-701,X-Large,Black,GABRIALLA,GABRIALLA,
E-LM-701 XXL BL,G LM-701 2XL,6.56E+11,G LM-701,2X-Large,Black,GABRIALLA,GABRIALLA,
E-MBM-515 S B,G MBM-515 S B,6.56E+11,G MBM-515,Small,Beige,GABRIALLA,GABRIALLA,
E-MBM-515 M B,G MBM-515 M B,6.56E+11,G MBM-515,Medium,Beige,GABRIALLA,GABRIALLA,
E-MBM-515 L B,G MBM-515 L B,6.56E+11,G MBM-515,Large,Beige,GABRIALLA,GABRIALLA,
E-MBM-515 XL B,G MBM-515 XL B,6.56E+11,G MBM-515,X-Large,Beige,GABRIALLA,GABRIALLA,
E-MBM-515 2X B,G MBM-515 2XL B,6.56E+11,G MBM-515,2X-Large,Beige,GABRIALLA,GABRIALLA,
E-MBM-515 S BL,G MBM-515 S BL,6.56E+11,G MBM-515,Small,Black,GABRIALLA,GABRIALLA,
E-MBM-515 M BL,G MBM-515 M BL,6.56E+11,G MBM-515,Medium,Black,GABRIALLA,GABRIALLA,
E-MBM-515 L BL,G MBM-515 L BL,6.56E+11,G MBM-515,Large,Black,GABRIALLA,GABRIALLA,
E-MBM-515 XL BL,G MBM-515 XL BL,6.56E+11,G MBM-515,X-Large,Black,GABRIALLA,GABRIALLA,
E-MBM-515 2X BL,G MBM-515 2XL BL,6.56E+11,G MBM-515,2X-Large,Black,GABRIALLA,GABRIALLA,
E-NBM-520 S B,G NBM-520 S B,6.56E+11,G NBM-520,Small,Beige,GABRIALLA,GABRIALLA,
E-NBM-520 M B,G NBM-520 M B,6.56E+11,G NBM-520,Medium,Beige,GABRIALLA,GABRIALLA,
E-NBM-520 L B,G NBM-520 L B,6.56E+11,G NBM-520,Large,Beige,GABRIALLA,GABRIALLA,
E-NBM-520 XL B,G NBM-520 XL B,6.56E+11,G NBM-520,X-Large,Beige,GABRIALLA,GABRIALLA,
E-NBM-520 2X B,G NBM-520 2XL B,6.56E+11,G NBM-520,2X-Large,Beige,GABRIALLA,GABRIALLA,
E-NBM-520 S BL,G NBM-520 S BL,6.56E+11,G NBM-520,Small,Black,GABRIALLA,GABRIALLA,
E-NBM-520 M BL,G NBM-520 M BL,6.56E+11,G NBM-520,Medium,Black,GABRIALLA,GABRIALLA,
E-NBM-520 L BL,G NBM-520 L BL,6.56E+11,G NBM-520,Large,Black,GABRIALLA,GABRIALLA,
E-NBM-520 XL BL,G NBM-520 XL BL,6.56E+11,G NBM-520,X-Large,Black,GABRIALLA,GABRIALLA,
E-NBM-520 2X BL,G NBM-520 2XL BL,6.56E+11,G NBM-520,2X-Large,Black,GABRIALLA,GABRIALLA,
E-PPM-525 S B,G PPM-525 S B,6.56E+11,G PPM-525,Small,Beige,GABRIALLA,GABRIALLA,
E-PPM-525 M B,G PPM-525 M B,6.56E+11,G PPM-525,Medium,Beige,GABRIALLA,GABRIALLA,
E-PPM-525 L B,G PPM-525 L B,6.56E+11,G PPM-525,Large,Beige,GABRIALLA,GABRIALLA,
E-PPM-525 XL B,G PPM-525 XL B,6.56E+11,G PPM-525,X-Large,Beige,GABRIALLA,GABRIALLA,
E-PPM-525 2X B,G PPM-525 2XL B,6.56E+11,G PPM-525,2X-Large,Beige,GABRIALLA,GABRIALLA,
E-PPM-525 S BL,G PPM-525 S BL,6.56E+11,G PPM-525,Small,Black,GABRIALLA,GABRIALLA,
E-PPM-525 M BL,G PPM-525 M BL,6.56E+11,G PPM-525,Medium,Black,GABRIALLA,GABRIALLA,
E-PPM-525 L BL,G PPM-525 L BL,6.56E+11,G PPM-525,Large,Black,GABRIALLA,GABRIALLA,
E-PPM-525 XL BL,G PPM-525 XL BL,6.56E+11,G PPM-525,X-Large,Black,GABRIALLA,GABRIALLA,
E-PPM-525 2X BL,G PPM-525 2XL BL,6.56E+11,G PPM-525,2X-Large,Black,GABRIALLA,GABRIALLA,
M-HCP35,D HCP-35,6.56E+11,D HCP-35,Universal,Unknown,ITA-MED,ITA-MED,
D-FPO-6,I FPO-6,6.56E+11,D FPO-6,Universal,Unknown,ITA-MED,ITA-MED,
E-ATE-213,M ATE-213,6.56E+11,FIND OUT,Universal,Unknown,ITA-MED,ITA-MED,
S-TGR-201 2XL,G TGR-201 2XL,,G TGR-201,2X-Large,White,GABRIALLA,GABRIALLA,
S-TGR-201 L,G TGR-201 L,,G TGR-201,Large,White,GABRIALLA,GABRIALLA,
S-TGR-201 M,G TGR-201 M,,G TGR-201,Medium,White,GABRIALLA,GABRIALLA,
S-TGR-201 XL,G TGR-201 XL,,G TGR-201,X-Large,White,GABRIALLA,GABRIALLA,
S-TGR-201 S,G TGR-201 S,,G TGR-201,Small,White,GABRIALLA,GABRIALLA,
S-AGS-501 2XL,G AGS-501 2XL,,G AGS-501,2X-Large,White,GABRIALLA,GABRIALLA,
S-AGS-501 L,G AGS-501 L,,G AGS-501,Large,White,GABRIALLA,GABRIALLA,
S-AGS-501 M,G AGS-501 M,,G AGS-501,Medium,White,GABRIALLA,GABRIALLA,
S-AGS-501 S,G AGS-501 S,,G AGS-501,Small,White,GABRIALLA,GABRIALLA,
S-AGS-501 XL,G AGS-501 XL,,G AGS-501,X-Large,White,GABRIALLA,GABRIALLA,
